m-2,m-1,m1,m2,c-2,c-1,c1,c2,sens
expect,declines,rates,X,VBP,NNS,NNS,X,6
indicate,declining,rates,permit,VB,VBG,NNS,VBP,6
rises,shortXterm,rates,X,NNS,JJ,NNS,X,6
83X4,PERCENT,energyXservices,company,AB,NN,JJ,NN,5
holding,company,mechanical,engineering,VBG,NN,JJ,NN,5
X,plus,X,X,X,CC,X,X,6
curry,set,rate,refund,NP,VBD,NN,NN,6
country,Xs,X,prompted,NN,POS,X,VBD,4
reduction,principal,way,debt,NN,NN,NN,NN,6
right,increase,70,PERCENT,NN,VB,AB,NN,5
show,strong,japanese,investors,VBP,JJ,JJ,NNS,1
retired,early,rates,decline,VBN,RB,NNS,VBP,6
X,drop,rates,since,X,NN,NNS,IN,6
predicted,drop,rates,eventually,VBD,NN,NNS,RB,6
plus,accrued,date,purchase,CC,VBN,NN,NN,6
dramatic,fluctuation,rates,X,JJ,NN,NNS,X,6
growing,international,japanese,behavior,JJ,JJ,JJ,NN,1
lower,uXsX,rates,spurred,JJR,NP,NNS,VBN,6
showed,little,evidence,slowing,VBD,JJ,NN,VBG,1
cut,shortXterm,rates,X,VB,JJ,NNS,X,6
federal,funds,rate,0X25,JJ,NNS,NN,AB,6
resulting,higher,costs,taxpayer,VBG,JJR,NNS,NN,6
japanese,business,X,uXs,JJ,NN,X,NP,3
heightened,japanese,american,small,JJ,JJ,JJ,JJ,1
bought,controlling,glass,company,VBD,VBG,NN,NN,5
XX,great,making,investments,XX,JJ,VBG,NNS,1
35,PERCENT,trading,company,AB,NN,NN,NN,5
customers,primarily,rates,pay,NNS,RB,NNS,VBP,6
foreign,annual,rates,guide,JJ,JJ,NNS,NN,6
million,semiannual,payment,due,AB,JJ,NN,JJ,6
illegal,variety,rate,swap,JJ,NN,NN,NN,6
sterling,market,rate,swap,NN,NN,NN,NN,6
parties,engage,rate,swap,NNS,VBP,NN,NN,6
make,fixedXrate,payments,debt,VB,JJ,NNS,NN,6
X,X,rates,rose,X,X,NNS,VBD,6
noting,growing,use,900,VBG,VBG,NN,AB,1
see,dealing,rates,deficit,VB,VBG,NNS,NN,6
bonds,X,subject,federal,NNS,X,JJ,JJ,6
every,important,team,XX,DT,JJ,NN,X,4
protecting,national,encouraging,new,VBG,JJ,VBG,JJ,4
uncertainty,regarding,rates,dollar,NN,VBG,NNS,NN,6
X,investor,directed,toward,X,NN,VBN,IN,1
said,investor,focused,defensive,VBD,NN,VBN,JJ,1
price,changes,income,X,NN,NNS,NN,X,6
company,Xs,expense,exceeds,NN,POS,NN,VBZ,6
could,signal,helping,revive,MD,VB,VBG,VB,1
20,PERCENT,chain,january,AB,NN,NN,NP,5
pursue,unspecified,X,move,VB,JJ,X,NN,3
also,cited,costs,amortization,RB,VBD,NNS,NN,6
toward,decline,rates,X,IN,NN,NNS,X,6
mcalpine,family,X,X,NP,NN,X,X,5
dramatic,fluctuation,rates,X,JJ,NN,NNS,X,6
cut,shortXterm,rates,due,VB,JJ,NNS,JJ,6
foreign,annual,rates,guide,JJ,JJ,NNS,NN,6
Xs,best,XX,company,POS,JJS,XX,NN,4
19,announcement,minority,stake,AB,NN,NN,NN,1
buffeted,high,rates,slowing,VBN,JJ,NNS,VBG,6
going,pursue,X,XX,VBG,VB,X,XX,3
attract,investor,remained,sluggish,VB,NN,VBD,JJ,1
X,domestic,rates,likely,X,JJ,NNS,JJ,6
direction,shortXterm,rates,treasury,NN,JJ,NNS,NP,6
X,market,rates,move,X,NN,NNS,VBP,6
X,also,packaging,X,X,RB,NN,X,5
low,levels,coverage,internal,JJ,NNS,NN,JJ,6
call,lower,rates,X,VB,JJR,NNS,X,6
inflation,bring,rates,X,NN,VB,NNS,X,6
X,average,rate,rose,X,JJ,NN,VBD,6
showed,little,X,impression,VBD,JJ,X,NN,1
took,quick,mrX,stoll,VBD,JJ,NP,NP,1
X,higher,rates,paid,X,JJR,NNS,VBN,6
swap,timber,X,would,NN,NN,X,MD,5
banks,owed,october,negotiations,NNS,VBD,NP,NNS,6
stake,healthvest,certain,facilities,NN,NP,JJ,NNS,5
secret,illegal,beer,distributorship,JJ,JJ,NN,NN,5
hidden,ownership,real,estate,JJ,NN,JJ,NN,5
X,lowered,rate,accepted,X,VBD,NN,VBD,6
wrote,complain,paying,unsecured,VBD,VB,VBG,JJ,6
PERCENT,true,cost,X,NN,JJ,NN,X,6
PERCENT,true,cost,X,NN,JJ,NN,X,6
X,X,bonds,treated,X,X,NNS,VBN,6
big,downturn,rates,years,JJ,NN,NNS,NNS,6
drum,investor,mortgage,securities,VB,NN,NN,NNS,1
X,XX,great,deal,X,XX,JJ,NN,1
help,drive,rates,mortgage,VB,VB,NNS,NN,6
securities,pay,monthly,X,NNS,VBP,RB,X,6
pursue,longXterm,corporation,X,VB,JJ,NN,X,4
holding,company,manufacturing,concerns,VBG,NN,VBG,NNS,5
despite,growing,environment,X,IN,VBG,NN,X,1
shown,much,refillable,packages,VBN,JJ,JJ,NNS,1
X,pay,115,months,X,VBP,AB,NNS,6
reserve,eases,rates,X,NP,VBZ,NNS,X,6
pressured,narrowing,rate,differentials,VBN,NN,NN,NNS,6
relaxed,shortXterm,rates,X,VBD,JJ,NNS,X,6
lower,uXsX,rates,signs,JJR,NP,NNS,NNS,6
value,rises,rates,decline,NN,VBZ,NNS,VBP,6
expects,uXsX,rates,decline,VBZ,NP,NNS,VB,6
west,german,rates,X,JJ,JJ,NNS,X,6
trend,uXsX,rates,X,NN,NP,NNS,X,6
corpX,Xs,rate,options,NP,POS,NN,NNS,6
including,swaps,rate,options,VBG,NNS,NN,NNS,6
XX,problems,rate,options,XX,NNS,NN,NNS,6
failed,envision,rate,environment,VBD,VB,NN,NN,6
incidents,involving,rate,options,NNS,VBG,NN,NNS,6
X,X,rate,options,X,X,NN,NNS,6
chemical,Xs,rate,options,NP,POS,NN,NNS,6
chemical,Xs,rate,options,NP,POS,NN,NNS,6
aflXcio,finding,unlikely,quarter,NP,VBG,JJ,NN,1
new,corporate,healthXcare,overhaul,JJ,JJ,NN,NN,1
reserve,eases,rates,soon,NP,VBZ,NNS,RB,6
payments,minority,X,surged,NNS,NN,X,VBD,5
payments,minority,X,revenue,NNS,NN,X,NN,5
X,XX,rate,sensitives,X,XX,NN,NNS,6
immediate,outlook,rates,X,JJ,NN,NNS,X,6
broad,spectrum,congress,administration,JJ,NN,NP,NN,3
PERCENT,netXprofits,certain,oil,NN,JJ,JJ,NN,5
loan,carries,rate,prime,NN,VBZ,NN,JJ,6
20,PERCENT,real,estate,AB,NN,JJ,NN,5
tax,minority,extraordinary,items,NN,NN,JJ,NNS,5
18,million,saudi,european,AB,AB,NP,NP,5
general,XX,stocks,latest,JJ,XX,NNS,JJS,1
projects,X,solidXwaste,recovery,NPS,X,NN,NN,5
X,also,building,maintenance,X,RB,NN,NN,5
Xs,X,building,electronic,POS,X,VBG,JJ,3
reserve,lower,rates,X,NP,VB,NNS,X,6
pinpoint,trough,rate,cycles,VB,NN,JJ,NNS,6
reserve,raised,rates,X,NP,VBD,NNS,X,6
due,speculation,rates,could,RB,NN,NNS,MD,6
sign,higher,rates,possible,NN,JJR,NNS,JJ,6
clearly,revived,gold,utility,RB,VBN,NN,NN,1
lower,shortXterm,rates,next,JJR,JJ,NNS,JJ,6
underlined,growing,british,concern,VBD,VBG,JJ,NN,1
expectation,lower,rates,made,NN,JJR,NNS,VBD,6
X,show,public,office,X,VB,JJ,NN,1
plans,sell,X,X,NNS,VB,X,X,5
rockefeller,family,X,X,NP,NN,X,X,5
attracted,buying,X,however,VBD,NN,X,RB,1
X,realization,rates,firm,X,NN,NNS,JJ,6
revenues,slowing,rates,longer,NNS,VBG,NNS,RB,6
due,international,rate,differentials,RB,JJ,NN,NNS,6
inspire,foreignXinvestor,X,X,VB,NN,X,X,1
PERCENT,annual,rate,X,NN,JJ,NN,X,6
X,shortXterm,rates,rose,X,JJ,NNS,VBD,6
X,X,rate,8X07,X,X,NN,AB,6
forced,reset,rate,senior,VBN,VB,NN,JJ,6
Xs,annual,payments,X,POS,JJ,NNS,X,6
anything,arouses,first,glance,NN,VBZ,JJ,NN,1
detected,bit,golf,X,VBD,NN,NN,X,1
indirectly,increases,rates,charged,RB,VBZ,NNS,VBN,6
X,suspended,payments,last,X,VBD,NNS,JJ,6
families,personal,X,says,NNS,JJ,X,VBZ,3
generated,much,nyu,host,VBN,JJ,NP,NN,1
X,investor,stock,funds,X,NN,NN,NNS,1
X,western,see,mrX,X,JJ,VB,NP,4
XX,expression,X,XX,XX,NN,X,XX,1
community,preserve,X,probably,NN,VB,X,RB,4
Xs,books,charges,new,POS,NNS,VBZ,NP,6
experience,may,cbs,incX,NN,MD,NP,NP,2
X,X,instead,decreased,X,X,RB,VBD,1
X,X,waned,day,X,X,VBD,NN,1
foreign,annual,rates,guide,JJ,JJ,NNS,NN,6
X,annualized,rates,certain,X,VBN,NNS,JJ,6
PERCENT,annual,set,come,NN,JJ,VBN,VB,6
paying,lower,X,X,VBG,JJR,X,X,6
provisions,allowed,rate,raised,NNS,VBD,NN,VBN,6
note,paying,rate,starting,NN,VBG,NN,VBG,6
48,million,payments,reset,AB,AB,NNS,NN,6
must,lower,rate,debt,MD,VB,NN,NN,6
acting,protect,shareholder,navigation,VBG,VB,NN,NP,4
acting,protect,X,ties,VBG,VB,X,VBZ,5
oil,gas,amoco,corpX,NN,NN,NP,NP,5
summer,X,rates,dipped,NN,X,NNS,VBD,6
X,already,tissue,businesses,X,RB,NN,NNS,5
high,british,rates,X,JJ,JJ,NNS,X,6
even,higher,rates,wo,RB,JJR,NNS,MD,6
51,PERCENT,mitsubishi,estate,AB,NN,NP,NP,5
10,PERCENT,new,company,AB,NN,JJ,NN,5
offer,reduce,payments,X,NN,VB,NNS,X,6
dangerous,resolved,national,security,JJ,VBN,JJ,NN,4
pursue,business,X,airline,VB,NN,X,NN,3
pXg,took,X,ordered,NP,VBD,X,VBD,1
X,X,emigration,investment,X,X,NN,NN,1
X,net,income,third,X,JJ,NN,JJ,6
34,years,rate,8,AB,NNS,NN,AB,6
legal,fees,driven,value,JJ,NNS,VBN,NN,6
afterXtax,cost,bonds,higher,JJ,NN,NNS,JJR,6
enquirer,shown,X,X,NP,VBN,X,X,1
impervious,high,rates,mrX,JJ,JJ,NNS,NP,6
X,high,rates,less,X,JJ,NNS,RBR,6
neither,aggregates,rates,X,DT,NNS,NNS,X,6
leaving,time,outside,office,VBG,NN,IN,NN,3
Xs,earnings,X,taxes,POS,NNS,X,NNS,6
X,earnings,X,taxes,X,NNS,X,NNS,6
basis,realXestate,X,X,NN,NN,X,X,5
100,million,every,quarter,AB,AB,DT,NN,6
said,longXterm,rates,X,VBD,JJ,NNS,X,6
people,believe,rates,nosedive,NNS,VBP,NNS,JJ,6
expected,X,rates,generally,VBD,X,NNS,RB,6
policy,pushed,rates,15,NN,VBD,NNS,AB,6
doubled,mortgage,rates,many,VBD,NN,NNS,JJ,6
inflation,high,rates,XX,NN,JJ,NNS,X,6
response,high,rates,X,NN,JJ,NNS,X,6
falls,X,rates,raised,VBZ,X,NNS,VBN,6
australian,coal,X,275,JJ,NN,X,AB,5
XX,great,games,skill,XX,JJ,NNS,NN,1
first,time,paid,public,JJ,NN,VBN,JJ,6
X,accrued,refund,X,X,VBN,NN,X,6
incomeXtax,refunds,court,ruling,JJ,NNS,NN,VBG,6
PERCENT,equity,partner,X,NN,NN,NN,X,5
sufficient,cover,payments,debt,JJ,VB,NNS,NN,6
PERCENT,controlling,X,X,NN,VBG,X,X,5
50,PERCENT,new,cellular,AB,NN,JJ,JJ,5
well,public,would,served,RB,JJ,MD,VBN,4
substantial,buying,X,X,JJ,NN,X,X,1
X,high,rates,heavy,X,JJ,NNS,JJ,6
authorities,move,rates,X,NNS,VBP,NNS,X,6
coX,X,rates,irving,NP,X,NNS,NP,6
paying,less,promised,marketing,VBG,JJR,VBN,NN,6
federal,funds,rate,X,JJ,NNS,NN,X,6
innovation,public,X,X,NN,JJ,X,X,4
foreign,annual,rates,guide,JJ,JJ,NNS,NN,6
maneuver,little,outside,washington,NN,JJ,IN,NP,2
republicans,much,democrats,XX,NPS,JJ,NPS,XX,1
million,behind,payments,X,AB,RB,NNS,X,6
14,PERCENT,rate,X,AB,NN,NN,X,6
banks,X,rates,prime,NNS,X,NNS,JJ,6
would,best,cbs,news,MD,JJS,NP,NP,4
debt,obligations,expense,X,NN,NNS,NN,X,6
reduced,cash,X,X,JJ,NN,X,X,6
represent,controlling,company,X,VB,VBG,NN,X,5
light,investor,metals,X,JJ,NN,NNS,X,1
X,effective,rate,X,X,JJ,NN,X,6
4,million,expenses,next,AB,AB,NNS,IN,6
risen,time,rates,generally,VBN,NN,NNS,RB,6
relative,decline,rates,X,JJ,NN,NNS,X,6
nXt,much,X,X,RB,JJ,X,X,1
advertisers,showing,X,X,NNS,VBG,X,X,1
Xs,municipalXbond,exempt,federal,VBZ,JJ,JJ,JJ,6
year,prevailing,rates,X,NN,JJ,NNS,X,6
make,bet,rates,decline,VB,NN,NNS,VB,6
even,losses,rates,rise,JJ,NNS,NNS,VBP,6
X,X,rates,nXt,X,X,NNS,RB,6
X,X,rate,guaranteed,X,X,NN,VBN,6
8X8,PERCENT,one,year,AB,NN,AB,NN,6
track,market,rates,X,VBP,NN,NNS,X,6
needs,national,X,words,NNS,JJ,X,NNS,4
neutralizes,threats,manner,consistent,VBZ,NNS,NN,JJ,4
lower,uXsX,rates,continue,JJR,NP,NNS,VBP,6
decline,uXsX,rates,diminished,NN,NP,NNS,VBN,6
high,british,rates,said,JJ,JJ,NNS,VBD,6
strong,buying,yen,another,JJ,NN,NN,DT,1
investors,X,buying,dollars,NNS,POS,VBG,NNS,1
X,giant,cement,making,X,NN,NN,NN,5
plus,accrued,date,redemption,CC,JJ,NN,NN,6
major,stake,rates,move,JJ,NN,NNS,VBP,6
difficult,predict,rates,colony,JJ,VB,NNS,NN,6
oil,gas,sale,earlier,NN,NN,NN,RBR,5
norwegian,unit,ranging,10,JJ,NN,VBG,AB,5
X,X,first,year,X,X,JJ,NN,6
thereafter,X,paid,annually,RB,X,VBN,RB,6
X,represent,trust,fund,X,VB,NN,NN,5
get,half,oil,X,VB,NN,NN,X,5
half,brewing,X,X,PDT,NN,X,X,5
mean,public,X,X,VB,JJ,X,X,4
financial,instruments,rate,swaps,JJ,NNS,NN,NNS,6
X,read,robert,tomsho,X,VBP,NP,NP,1
X,X,taken,heart,X,X,VBN,NN,4
similar,intellectual,X,X,JJ,JJ,X,X,3
standards,spurring,lighter,alternative,NNS,VBG,JJR,JJ,1
X,fat,payments,barely,X,JJ,NNS,RB,6
supports,high,rates,keep,VBZ,JJ,NNS,VB,6
company,said,debt,fall,NN,VBD,NN,VB,6
X,base,rates,highest,X,NN,NNS,JJS,6
convicted,charging,rates,much,VBN,VBG,NNS,RB,6
X,X,rates,charge,X,X,NNS,VBP,6
X,whose,include,insurance,X,WPX,VBP,NN,5
million,year,expense,X,AB,NN,NN,X,6
notes,periodic,payments,X,NNS,JJ,NNS,X,6
saks,Xs,idea,X,NP,POS,NN,X,1
reserve,lower,rates,coming,NP,VB,NNS,JJ,6
loans,variable,rates,X,NNS,JJ,NNS,X,6
make,semiannual,payment,X,VB,JJ,NN,X,6
nearly,missed,payment,junk,RB,VBD,NN,NN,6
first,dispose,britain,Xs,RB,VB,NP,POS,5
foreign,annual,rates,guide,JJ,JJ,NNS,NN,6
million,sale,computerized,reservations,AB,NN,JJ,NNS,5
sale,covia,X,X,NN,NP,X,X,5
X,company,fashion,jewelry,X,NN,NN,NN,5
sure,revive,matter,capitol,JJ,VB,NN,NP,1
X,plus,XX,highest,X,CC,XX,JJS,6
loans,lower,rates,X,NNS,JJR,NNS,X,6
us,bring,rate,X,PP,VB,NN,X,6
billion,accrued,year,X,AB,JJ,NN,X,6
must,fix,rates,X,MD,VB,NNS,X,6
excluding,accrued,X,XX,VBG,JJ,X,X,6
bonds,X,rates,high,NNS,POS,VBZ,RB,6
require,fixing,rate,high,VB,VBG,NN,JJ,6
continue,accrue,paper,midX1990s,VB,VB,NN,NNS,6
forced,fix,rate,get,VBN,VB,NN,VB,6
brunswick,also,defense,aerospace,NP,RB,NN,JJ,5
enhanced,investor,precious,metals,JJ,NN,JJ,NNS,1
create,investor,precious,metals,VB,NN,JJ,NNS,1
X,X,lacking,long,X,X,JJ,JJ,1
increasing,open,declining,prices,VBG,JJ,VBG,NNS,5
X,open,number,outstanding,X,JJ,NN,JJ,5
pay,overdue,stillXoutstanding,loans,VB,JJ,JJ,NNS,6
owned,properties,mortgages,X,VBN,NNS,NNS,X,6
X,high,materials,costs,X,JJ,NNS,NNS,6
X,voting,20,PERCENT,X,NN,AB,NN,5
increase,uXkX,rates,pound,VB,NP,NNS,NN,6
escape,taxes,sum,earns,VB,NNS,NN,VBZ,6
X,including,past,contributions,X,VBG,JJ,NNS,6
X,4X773,could,withdrawn,X,AB,MD,VBN,6
deferring,tax,contributions,earn,VBG,NN,NNS,VBP,6
X,allowing,buildup,contributions,X,VBG,NN,NNS,6
payments,minority,X,X,NNS,NN,X,X,5
showed,little,buying,securities,VBN,JJ,VBG,NNS,1
created,separating,payment,portion,VBN,VBG,NN,NN,6
securities,pay,maturity,X,NNS,VBP,NN,X,6
strategic,economic,X,X,JJ,JJ,X,X,4
X,XX,lies,controlled,X,XX,VBZ,VBN,4
takes,keen,monetary,matters,VBZ,JJ,JJ,NNS,1
especially,keen,board,matters,RB,JJ,NN,NNS,1
toward,lower,rates,X,IN,JJR,NNS,X,6
fed,let,rates,slip,NP,VBN,NNS,VBP,6
X,bronfman,hold,24,X,NP,VBP,AB,5
X,freeXspeech,outweighed,Xinterests,X,NN,VBD,NNS,4
Xinterests,outweighed,copyright,owner,NNS,VBD,NN,NN,4
argument,public,scholarship,could,NN,JJ,NN,MD,4
recognized,public,subject,matter,VBN,JJ,JJ,NN,1
bill,tailored,single,individual,NN,VBN,JJ,NN,4
represents,dividend,hughes,earnings,VBZ,NN,NP,NNS,5
represents,dividend,eds,profit,VBZ,NN,NP,NN,5
payment,including,secured,creditors,NN,VBG,VBN,NNS,6
full,credits,X,855,JJ,NNS,X,AB,6
million,payments,since,X,AB,NNS,IN,X,6
accrued,unpaid,equal,X,VBN,JJ,JJ,X,6
creditors,X,accrued,since,NNS,POS,VBN,IN,6
aroused,much,congress,X,VBN,JJ,NP,X,1
drew,plenty,uXsX,auto,VBD,RB,NP,NN,1
reluctance,cut,rates,pull,NN,VB,NNS,VB,6
fed,lower,rates,least,NP,VB,NNS,JJS,6
taxes,X,penalties,owed,NNS,X,NNS,VBN,6
X,short,international,mobile,X,JJ,NP,NP,5
XX,short,otc,stocks,XX,JJ,NP,NNS,5
low,stable,rates,X,JJ,JJ,NNS,X,6
starts,lose,day,conversion,VBP,VB,NN,NN,6
continue,earn,card,holder,VB,VB,NN,NN,6
lower,shortXterm,rates,X,JJR,JJ,NNS,X,6
posting,lower,rates,since,VBG,JJR,NNS,IN,6
X,shortXterm,rates,moving,X,JJ,NNS,VBG,6
changes,plus,X,amounted,NNS,CC,X,VBN,6
leverage,jacked,income,X,NN,VBN,NN,X,6
X,great,X,since,X,JJ,X,IN,1
foreign,annual,rates,guide,JJ,JJ,NNS,NN,6
X,suggesting,looking,modified,X,VBG,VBG,VBN,1
bad,debt,income,X,JJ,NN,NN,X,6
would,defer,principal,junk,MD,VB,NN,NN,6
annual,cash,bill,X,JJ,NN,NN,X,6
yet,pay,bill,X,RB,VB,NN,X,6
board,ignoring,individual,institutional,NP,VBG,JJ,JJ,4
securities,pay,periodically,X,NNS,VB,RB,X,6
PERCENT,current,bonds,due,NN,JJ,NNS,JJ,6
program,current,bonds,due,NN,JJ,NNS,JJ,6
program,current,bonds,due,NN,JJ,NNS,JJ,6
50,PERCENT,national,steel,AB,NN,NP,NP,5
X,manufacturer,aerospace,X,X,NN,NN,X,5
absence,active,beyond,marketXmakers,NN,JJ,IN,NNS,1
public,family,X,spokeswoman,NN,NN,X,NN,5
risky,best,investing,public,JJ,JJS,VBG,NN,4
operations,increases,expense,charges,NNS,NNS,NN,NNS,6
payments,minority,X,X,NNS,NN,X,X,5
include,sale,joint,venture,VB,NN,JJ,NN,5
25,PERCENT,aXtXbX,X,AB,NN,NP,X,5
X,japanese,rates,X,X,JJ,NNS,X,6
XX,expressions,XX,bloomingdale,XX,NNS,XX,NP,1
X,including,debt,securities,X,VBG,NN,NNS,6
million,year,cashXdeferred,X,AB,NN,JJ,X,6
million,year,earned,proceeds,AB,NN,VBN,NNS,6
democrats,expressed,cutting,tax,NPS,VBN,VBG,NN,1
X,average,rate,rose,X,JJ,NN,VBD,6
X,itt,electronic,parts,X,NP,JJ,NNS,5
PERCENT,working,X,partners,NN,VBG,X,NNS,5
50,PERCENT,X,kuwait,AB,NN,X,NP,5
payments,minority,rose,749,NNS,NN,VBD,AB,5
highXrisk,bet,rates,backfired,JJ,NN,NNS,VBD,6
prices,reason,sears,declined,NNS,NN,NP,VBD,1
thus,forfeit,income,X,RB,VB,NN,X,6
foreign,annual,rates,guide,JJ,JJ,NNS,NN,6
stand,consumer,X,small,VB,NN,X,JJ,4
seeks,lateXpayment,lost,check,VBZ,NN,JJ,NN,6
X,request,abatement,X,X,VB,NN,X,6
deduct,homeXmortgage,X,200X000,VB,JJ,X,AB,6
debt,X,fully,deductible,NN,X,RB,JJ,6
substantial,government,unconstitutional,X,JJ,NN,JJ,X,4
proliferation,special,magazines,X,NN,JJ,NNS,X,3
target,idosyncratic,readers,X,VBP,JJ,NNS,X,3
X,level,rtc,Xs,X,NN,NP,POS,1
group,minority,already,operating,NN,NN,RB,VBG,5
X,low,rate,X,X,JJ,NN,X,6
government,coverage,costs,student,NN,NN,NNS,NN,6
school,X,costs,would,NN,X,NNS,MD,6
promoting,commonality,among,black,VBG,NN,IN,JJ,3
speak,narrow,one,group,VB,JJ,AB,NN,4
compelled,serve,constituents,servile,VBN,VB,NNS,JJ,4
X,common,live,together,X,JJ,VB,RB,3
X,short,nasdaq,overXtheXcounter,X,JJ,NP,JJ,5
otc,short,statistics,compiled,NP,JJ,NNS,VBN,5
X,short,figures,reported,X,JJ,NNS,VBN,5
total,short,nasdaq,stocks,JJ,JJ,NP,NNS,5
otc,short,compares,4X2,NP,JJ,VBZ,AB,5
X,short,X,represents,X,JJ,X,VBZ,5
X,short,rose,196X8,X,JJ,VBD,AB,5
large,short,gains,octX,JJ,JJ,NNS,NP,5
X,short,first,executive,X,JJ,NP,NP,5
Xs,short,jumped,42,POS,JJ,VBD,AB,5
biggest,short,position,nasdaq,JJS,JJ,NN,NP,5
changes,short,stocks,may,NNS,JJ,NNS,MD,5
saw,short,surge,X,VBD,JJ,NN,X,5
X,short,american,depositary,X,JJ,JJ,JJ,5
drop,short,included,adobe,NN,JJ,VBD,NP,5
compiles,short,data,two,VBZ,JJ,NNS,AB,5
X,short,1X327,nonXnms,X,JJ,AB,JJ,5
october,short,represents,1X04,NP,JJ,VBZ,AB,5
issues,short,position,least,NNS,JJ,NN,JJS,5
recover,principal,X,unsecured,VB,NN,X,JJ,6
lower,inflation,rates,tend,JJR,NN,NNS,VBP,6
XX,X,picks,X,XX,X,VBZ,X,1
consist,current,bonds,due,VBP,JJ,NNS,JJ,6
X,current,bonds,due,X,JJ,NNS,JJ,6
X,current,serial,bonds,X,JJ,NN,NNS,6
X,X,rates,generally,X,X,NNS,RB,6
follow,tXbills,rate,trends,VBP,NNS,NN,NNS,6
debt,reduce,costs,wang,NN,VB,NNS,NP,6
expected,ease,rates,next,VBN,VB,NNS,JJ,6
offset,higher,expense,lower,VBN,JJR,NN,JJR,6
Xs,minority,stein,industrie,POS,NN,NP,NP,5
attention,high,rates,corporate,NN,JJ,NNS,JJ,6
absence,institutional,later,session,NN,JJ,RB,NN,1
bid,attract,X,action,NN,VB,X,NN,1
continental,european,british,life,JJ,JJ,JJ,NN,1
spark,investor,issues,unlikely,VB,NN,NNS,JJ,1
ibm,acquires,X,X,NP,VBZ,X,X,5
rising,australian,rates,acquisition,VBG,JJ,NNS,NN,6
coal,oil,might,sale,NN,NN,MD,NN,5
X,oil,already,sold,X,NN,RB,VBN,5
pay,cash,bill,X,VB,NN,NN,X,6
plus,accrued,decX,8,CC,VBN,NP,AB,6
reserve,cut,rates,amid,NP,VB,NNS,IN,6
supply,lower,rates,X,NN,JJR,NNS,X,6
X,XX,japanese,investors,X,XX,JJ,NNS,1
remain,strong,rates,decline,VB,JJ,NNS,VB,6
efforts,drum,soXcalled,bailout,NNS,VB,JJ,NN,1
advantage,falling,rates,X,NN,VBG,NNS,X,6
group,true,cost,7X17,NN,JJ,NN,AB,6
corporations,X,principal,paid,NNS,X,NN,VBN,6
X,short,increased,6,X,JJ,VBD,AB,5
X,X,connected,issue,X,X,VBN,NN,1
seems,losing,giving,gm,VBZ,VBG,VBG,NP,1
company,Xs,acquiring,minority,NN,POS,VBG,NN,1
gm,Xs,jaguar,reflects,NP,POS,NP,VBZ,1
remaining,oneXthird,asbestos,mining,VBG,JJ,NN,NN,5
sold,majority,last,year,VBD,NN,JJ,NN,5
bond,prices,rates,fall,NN,NNS,NNS,VBP,6
decrease,faster,rates,fall,VB,RBR,NNS,VB,6
august,pursue,X,X,NP,VB,X,X,3
XX,time,rates,came,XX,NN,NNS,VBD,6
1984,X,rates,general,AB,X,NNS,JJ,6
assumed,principal,XX,fully,VBD,NN,XX,RB,6
pay,principal,accrued,date,VB,NN,VBN,NN,6
payable,year,accrued,X,JJ,NN,VBN,X,6
system,lower,rates,X,NP,VB,NNS,X,6
complained,XX,rates,high,VBD,XX,NNS,JJ,6
would,return,rates,historical,MD,VB,NNS,JJ,6
federal,funds,rate,8,JJ,NNS,NN,AB,6
X,purchase,eagle,Xs,X,VB,NP,POS,5
X,X,rates,paid,X,X,NNS,VBD,6
accounting,taxes,expense,X,VBG,NNS,NN,X,6
defined,earnings,X,taxes,VBD,NNS,X,NNS,6
banks,X,financing,transaction,NNS,POS,VBG,NN,1
financing,fees,rates,X,NN,NNS,NNS,X,6
includes,current,bonds,due,VBZ,JJ,NNS,JJ,6
X,current,serial,bonds,X,JJ,NN,NNS,6
X,X,bonds,treated,X,X,NNS,VBN,6
must,diverted,payments,X,MD,VBN,NNS,X,6
whose,sole,responsibility,goodson,WPX,JJ,NN,NP,3
Xs,insurance,X,acquired,POS,NN,X,VBN,5
allianz,insurance,bought,help,NP,NN,VBN,VB,5
corpX,Xs,ikegaiXgoss,X,NP,POS,NP,X,5
reserve,lower,rates,effort,NP,VB,NNS,NN,6
shown,much,refcorp,bonds,VBN,JJ,NP,NNS,1
probably,act,minority,holders,RB,VB,NN,NNS,4
X,would,new,realty,X,MD,JJ,NN,5
would,accrue,rate,13X5,MD,VB,NN,AB,6
cash,immediate,payments,X,NN,JJ,NNS,X,6
filing,missing,payments,X,NN,VBG,NNS,X,6
receiving,investor,land,property,VBG,NN,NN,NN,1
amid,hope,rates,peaked,IN,NN,NNS,VBN,6
foreign,annual,rates,guide,JJ,JJ,NNS,NN,6
X,X,income,rose,X,X,NN,VBD,6
X,annualized,rates,certain,X,JJ,NNS,JJ,6
reflecting,newXfound,X,140,VBG,JJ,X,AB,1
basis,current,rates,australia,NN,JJ,NNS,NP,6
high,australian,rates,X,JJ,JJ,NNS,X,6
group,profit,X,tax,NN,NN,X,NN,6
australia,executives,X,X,NP,NNS,X,X,5
buyers,shown,X,national,NNS,VBN,X,JJ,1
thus,increasing,expense,reducing,RB,VBG,NN,VBG,6
weight,hefty,payments,X,NN,JJ,NNS,X,6
caused,tardy,payments,put,VBD,JJ,NNS,VB,6
investment,partnership,primarily,packaging,NN,NN,RB,NN,5
various,family,X,X,JJ,NN,X,X,5
estate,excited,ag,X,NN,VBN,NP,X,1
maker,lost,became,clear,NN,VBD,VBD,JJ,1
X,retains,acquiring,candies,X,VBZ,VBG,NNS,1
cathay,nXt,swapping,equity,NP,RB,VBG,NN,1
foreign,annual,rates,guide,JJ,JJ,NNS,NN,6
X,8X68,accrued,decX,X,AB,VBN,NP,6
arizona,businessman,real,estate,NP,NN,JJ,NN,5
way,preserving,constituents,X,NN,VBG,NNS,X,4
X,net,bill,jumped,X,JJ,NN,VBD,6
bond,corpX,brewing,X,NP,NP,NN,X,5
X,earnings,tax,brewing,X,NNS,NN,NN,6
reason,high,rates,labor,NN,JJ,NNS,NN,6
X,believe,rates,continue,X,VBP,NNS,VB,6
fact,X,buying,equities,NN,X,VBG,NNS,1
X,X,natural,environment,X,X,JJ,NN,1
62X5,PERCENT,X,messrsX,AB,NN,X,NPS,5
X,concern,rates,gas,POS,NN,NNS,NN,6
reserve,allow,rates,move,NP,VB,NNS,VB,6
soared,speculation,rates,would,VBD,NN,NNS,MD,6
changes,plus,income,X,NNS,CC,NN,X,6
longerXterm,bonds,rates,fall,JJR,NNS,NNS,VBP,6
met,strong,abroad,X,VBD,JJ,RB,X,1
loans,cut,rate,existing,NNS,VB,NN,VBG,6
recently,sold,liquidXcrystal,displays,RB,VBD,JJ,NNS,5
begins,let,rates,drift,VBZ,VB,NNS,VB,6
concern,lower,rates,general,NN,JJR,NNS,JJ,6
50,PERCENT,richmondXarea,shopping,AB,NN,JJ,NN,5
troubles,whipped,among,outsiders,NNS,VBN,IN,NNS,1
dingell,special,nih,institutions,NP,JJ,NP,NNS,4
last,rise,rates,earlier,JJ,NN,NNS,RBR,6
prepared,increase,rates,necessary,VBN,VB,NNS,JJ,6
government,decide,rates,dollar,NN,VB,NNS,NN,6
generally,thin,ahead,weekend,RB,JJ,RB,NN,1
X,X,may,remain,X,X,MD,VB,1
high,shortXterm,rates,X,JJ,JJ,NNS,X,6
curbs,bank,rates,allow,NNS,NN,NNS,VB,6
might,use,platform,launch,MD,VB,NN,VB,5
36,PERCENT,country,Xs,AB,NN,NN,POS,5
receive,minority,new,company,VB,NN,JJ,NN,5
controlling,ownership,X,X,JJ,NN,X,X,5
pursue,business,X,company,VB,NN,X,NN,3
54,PERCENT,manhattan,national,AB,NN,NP,NP,5
proposal,well,XX,third,NN,RB,XX,JJ,1
X,abandoned,X,X,X,VBN,X,X,4
regulation,introduced,protecting,little,NN,VBN,VBG,JJ,4
lack,investor,X,responsible,NN,NN,X,JJ,1
solid,investor,X,X,JJ,NN,X,X,1
said,little,treasury,bonds,VBD,JJ,NP,NNS,1
greater,buying,metal,X,JJR,NN,NN,X,1
sparked,buying,realXestate,companies,VBD,NN,NN,NNS,1
kluge,X,telecommunications,X,NP,X,NN,X,5
longer,representing,X,X,RBR,VBG,X,X,4
significant,buying,X,X,JJ,NN,X,X,1
fresh,buying,sidelined,ahead,JJ,NN,VBN,RB,1
strong,buying,X,helped,JJ,NN,X,VBD,1
XX,parties,X,XX,XX,NNS,X,XX,5
diminished,national,teams,came,VBN,JJ,NNS,VBD,2
XX,whose,represented,three,X,WPX,VBN,AB,5
XX,considerable,XX,prospective,XX,JJ,XX,JJ,1
X,uXsX,stake,happily,X,NP,NN,RB,4
notes,accumulate,notes,nXt,NNS,VBP,NNS,RB,6
nXt,mention,horse,racing,RB,VB,NN,NN,1
japanese,investor,uXsX,securities,JJ,NN,NP,NNS,1
X,buying,du,pont,X,NN,NP,NP,1
cash,coverage,XX,meaningfully,NN,NN,XX,RB,6
golfersXXX,general,magazine,something,X,JJ,NN,NN,3
XX,black,XX,could,XX,JJ,XX,MD,4
different,economic,X,X,JJ,JJ,X,X,3
X,addition,ozone,depletion,X,NN,NN,NN,1
overall,buying,remained,strong,JJ,NN,VBD,JJ,1
taxes,minority,extraordinary,items,NNS,NN,JJ,NNS,5
X,uXsX,may,big,X,NP,MD,JJ,1
uXsX,Xs,somalia,consists,NP,POS,NP,VBZ,4
usual,financial,property,sold,JJ,JJ,NN,VBN,5
customers,conflicts,X,X,NNS,NNS,X,X,4
definite,conflict,auction,house,JJ,NN,NN,NN,4
would,conflict,X,XX,MD,NN,X,XX,4
alleged,conflict,X,set,JJ,NN,X,VBN,4
X,conflicts,X,stabilize,X,NNS,X,VB,4
fees,conflicts,X,X,NNS,NNS,X,X,4
problems,conflict,risk,cheating,NNS,NN,NN,VBG,4
prevent,conflicts,X,already,VB,NNS,X,RB,4
builtXin,conflicts,X,X,JJ,NNS,X,X,4
XX,conflict,standard,committee,XX,NN,NN,NN,4
Xs,conflict,X,XX,VBZ,NN,X,XX,4
PERCENT,boost,expense,X,NN,NN,NN,X,6
fall,scientific,cold,fusion,NN,JJ,JJ,NN,1
company,X,television,X,NN,X,NN,X,5
moment,high,rates,determination,NN,JJ,NNS,NN,6
X,fixedXdollar,payments,X,POS,JJ,NNS,X,6
invest,companies,X,X,VB,NNS,X,X,5
X,pay,maturity,X,X,VBP,NN,X,6
bonds,inflation,rates,kick,NNS,NN,NNS,VBP,6
without,much,children,nXt,IN,JJ,NNS,RB,6
taxes,X,civil,fraud,NNS,X,JJ,NN,6
X,X,retirement,community,X,X,NN,NN,5
X,sold,oil,wells,X,VBN,NN,NNS,5
one,based,rates,company,AB,VBN,NNS,NN,6
XX,high,rate,prevail,X,JJ,NN,VB,6
XX,usually,rates,stay,X,RB,NNS,VBP,6
X,X,rates,plunge,X,X,NNS,VBP,6
marginally,higher,yield,X,RB,JJR,NN,X,6
fractionally,higher,rate,X,RB,JJR,NN,X,6
X,buying,also,resurfaced,X,NN,RB,VBD,1
using,high,rates,XX,VBG,JJ,NNS,XX,6
using,high,rates,fight,VBG,JJ,NNS,VB,6
despite,doubling,rates,last,IN,NN,NNS,JJ,6
X,XX,else,money,X,XX,RB,NN,1
see,lot,kind,things,VBP,NN,NN,NNS,1
X,short,new,york,X,JJ,NP,NP,5
month,short,X,X,NN,JJ,X,X,5
reported,short,dropped,523X920X214,VBD,JJ,VBD,AB,5
amex,short,climbed,3,NP,JJ,VBD,AB,5
amex,short,heading,upward,NP,JJ,VBG,RB,5
X,short,number,shares,X,JJ,NN,NNS,5
increase,short,bullish,borrowed,NN,JJ,JJ,VBN,5
fluctuation,short,certain,stocks,NN,JJ,JJ,NNS,5
board,short,ratio,slipped,NP,JJ,NN,VBD,5
X,short,international,business,X,JJ,NP,NP,5
X,short,slid,4X469X167,X,JJ,VBD,AB,5
amex,short,volume,leader,NP,JJ,NN,NN,5
issues,short,position,least,NNS,JJ,NN,JJS,5
X,include,costs,X,X,VB,NNS,X,6
relatively,attractive,rates,pushed,RB,JJ,NNS,VBD,6
X,provisions,payments,loans,X,NNS,NNS,NNS,6
made,foregone,mX,200,VBN,JJ,X,AB,6
data,sign,rates,may,NNS,NN,NNS,MD,6
pessimism,lower,rates,contributed,NN,JJR,NNS,VBD,6
allowed,key,rate,fall,VBN,JJ,NN,VB,6
X,watching,sport,plummet,X,VBG,NN,VB,1
seek,controlling,harleyXdavidson,X,VB,NN,NP,X,5
X,XX,rates,almost,X,XX,NNS,RB,6
X,falling,rates,force,X,VBG,NNS,VBP,6
pay,higher,newly,issued,VBP,JJR,RB,VBN,6
X,X,rates,dropped,X,X,NNS,VBN,6
X,save,costs,X,X,VBP,NNS,X,6
XX,doubts,rates,fall,XX,VBZ,NNS,VB,6
bonds,resettable,rate,10,NNS,JJ,NN,AB,6
raised,hopes,rates,continue,VBD,NNS,NNS,VB,6
overhead,debt,X,X,NN,NN,X,X,6
unsuccessfully,sell,lower,manhattan,RB,VB,JJR,NP,5
tried,sell,X,along,VBD,VB,X,IN,5
estate,Xs,X,shortly,NN,POS,X,RB,5
navy,enforce,X,pressuring,NN,VB,X,VBG,4
credits,financial,films,helped,NNS,JJ,NNS,VBN,5
warner,Xs,accommodate,mgmua,NP,POS,VB,NP,4
nXt,think,let,mrX,RB,VB,VB,NP,4
columbia,Xs,studio,jointly,NP,POS,NN,RB,5
moreover,X,assetXbacked,securities,RB,X,JJ,NNS,6
certificates,represent,specially,created,NNS,VBP,RB,VBN,5
XX,represent,obligations,banks,XX,VB,NNS,NNS,5
property,holds,139,facilities,NP,VBZ,AB,NNS,5
X,one,hit,hardest,X,AB,VBD,RBS,5
tokyoXbased,company,include,financial,JJ,NN,VBP,JJ,5
X,excluding,X,increased,X,VBG,X,VBD,6
clear,strategic,X,waiting,JJ,JJ,X,VBG,4
X,refinery,second,refinery,X,NN,JJ,NN,5
costXreduction,moves,income,X,JJ,NNS,NN,X,6
X,X,paid,semiXannually,X,X,VBN,RB,6
article,appears,user,X,NN,VBZ,NN,X,2
subscriber,Xs,area,X,NN,POS,NN,X,3
topic,X,abortion,issue,NN,X,NN,NN,1
rumors,soviet,also,pushed,NP,JJ,RB,VBD,1
newspapers,oneXthird,international,herald,NNS,JJ,NP,NP,5
leeway,reduce,rates,X,NN,VB,NNS,X,6
pursuit,private,X,X,NN,JJ,X,X,4
company,also,book,publishing,NN,RB,NN,NN,5
pursue,business,consulting,X,VB,NN,NN,X,3
XX,controlling,company,X,XX,VBG,NN,X,5
offset,decline,income,X,VBP,NN,NN,X,6
X,lower,income,occurred,X,JJR,NN,VBD,6
payments,minority,rose,252,NNS,NN,VBD,AB,5
payment,minority,X,X,NN,NN,X,X,5
revive,consumer,littleXpublicized,1972,VB,NN,JJ,AB,1
offering,oneXsixth,grace,energy,NN,JJ,NP,NP,5
X,higher,expenses,X,X,JJR,NNS,X,6
22,PERCENT,company,fletcher,AB,NN,NN,NP,5
doman,Xs,western,forest,NP,POS,NP,NP,5
44,PERCENT,western,forest,AB,NN,NP,NP,5
direction,uXsX,rates,remains,NN,NP,NNS,VBZ,6
XX,investor,switches,back,XX,NN,VBZ,RB,1
also,attracted,strong,earnings,RB,VBD,JJ,NNS,1
despite,flurry,shares,X,IN,NN,NNS,X,1
high,uXkX,rates,X,JJ,NP,NNS,X,6
face,high,rates,X,NN,JJ,NNS,X,6
nXt,best,stockholders,X,RB,JJS,NNS,X,4
speculation,lower,rates,X,NN,JJR,NNS,X,6
X,higher,margins,minor,X,JJR,NNS,JJ,6
board,short,fell,4X2,NP,JJ,VBD,AB,5
fresh,buying,later,trading,JJ,NN,RB,NN,1
predicting,X,rates,stay,VBG,X,NNS,VB,6
hotels,management,sold,auction,NNS,NN,VBN,NN,5
properties,management,nXt,disclosed,NNS,NN,RB,VBN,5
plans,sell,36,hotels,VBZ,VB,AB,NNS,5
excluded,sale,trust,corporation,VBN,NN,NN,NN,5
XX,expressions,XX,two,XX,NNS,XX,AB,1
foreign,annual,rates,guide,JJ,JJ,NNS,NN,6
volume,tighter,margins,X,NN,JJR,NNS,X,6
widened,X,expense,cited,VBD,X,NN,VBN,6
lower,net,expense,X,JJR,JJ,NN,X,6
healthvest,missed,payment,bank,NP,VBD,NN,NP,6
million,principal,payments,owed,AB,NN,NNS,VBD,6
uXsX,cellular,markets,mccaw,NP,JJ,NNS,NP,5
mccaw,holds,X,contiguous,NP,VBZ,X,JJ,5
unless,lin,contiguous,X,IN,NP,JJ,X,5
Xs,best,X,X,POS,JJS,X,X,4
company,Xs,X,X,NN,POS,X,X,5
far,less,X,proceeding,RB,JJR,X,VBG,6
X,higher,margins,negligible,X,JJR,NNS,JJ,6
decline,brazilian,paid,X,NN,JJ,VBN,X,6
PERCENT,net,margin,X,NN,JJ,NN,X,6
pacific,X,transportation,X,NP,X,NN,X,5
pursue,business,X,capital,VB,NN,X,NP,3
degree,public,XX,stake,NN,JJ,XX,NN,4
direction,uXsX,rates,remained,NN,NP,NNS,VBD,6
property,owners,san,francisco,NN,NNS,NP,NP,5
still,hanging,rates,dollar,RB,VBG,NNS,NN,6
X,X,rateXsensitive,shares,X,X,JJ,NNS,6
X,allowing,rates,drop,X,VBG,NNS,VB,6
Xs,equity,south,africa,POS,NN,NP,NP,5
sold,majority,brazilian,affiliate,VBD,NN,JJ,NN,5
10,PERCENT,rocky,mountain,AB,NN,NP,NP,5
like,high,rates,slow,IN,JJ,NNS,JJ,6
unresponsive,public,X,X,JJ,JJ,X,X,4
view,public,X,X,NN,JJ,X,X,4
longing,lower,rates,X,NN,JJR,NNS,X,6
XX,low,rates,X,X,JJ,NNS,X,6
nXt,accruing,X,bank,RB,VBG,X,NN,6
wine,softXdrink,X,nXt,NN,NN,X,RB,5
bolster,brewing,X,effort,VB,NN,X,NN,5
britain,X,include,beefeater,NP,X,VBP,NP,5
reserve,lower,rates,coming,NP,VB,NNS,VBG,6
contrary,best,amr,shareholders,JJ,JJS,NP,NNS,4
louis,company,solid,waste,NP,NN,JJ,NN,5
value,X,accruing,instead,NN,X,VBG,RB,6
X,accrued,deductible,company,X,VBN,JJ,NN,6
million,buyXout,payments,X,AB,NN,NNS,X,6
company,rather,payments,X,NN,RB,NNS,X,6
since,lower,rate,X,IN,JJR,NN,X,6
nXt,pay,least,one,RB,VB,JJS,AB,6
deny,deduction,actually,paid,VB,NN,RB,VBN,6
taxed,accrued,X,X,VBN,VBN,X,X,6
X,XX,deduction,engine,X,XX,NN,NN,6
northrop,Xs,expense,also,NP,POS,NN,RB,6
X,X,expense,surged,X,X,NN,VBD,6
bump,entrenched,X,X,VB,JJ,X,X,4
recent,declines,rates,X,JJ,NNS,NNS,X,6
X,computing,government,Xs,X,VBG,NN,POS,6
shares,purchase,startXup,company,NNS,VB,JJ,NN,5
acquire,majority,later,X,VB,NN,RB,X,5
250,million,costs,X,AB,AB,NNS,X,6
best,longXterm,shareholders,X,JJS,JJ,NNS,X,4
X,initial,rate,set,X,JJ,NN,VBN,6
X,X,payments,bonds,X,X,NNS,NNS,6
taxation,principal,X,X,NN,NN,X,X,6
determine,XX,rates,heading,VB,XX,NNS,VBG,6
X,X,rates,barely,X,X,NNS,RB,6
XX,different,XX,express,XX,JJ,XX,VB,3
people,heard,taken,seriously,NNS,VBN,VBN,RB,4
X,widespread,manufacturing,X,X,JJ,NN,X,5
foreign,annual,rates,guide,JJ,JJ,NNS,NN,6
X,stir,stock,X,X,VB,NN,X,1
offset,lower,income,X,VBN,JJR,NN,X,6
X,primarily,expense,X,X,RB,NN,X,6
X,X,expense,1988,X,X,NN,AB,6
offers,significant,rate,savings,VBZ,JJ,NN,NNS,6
50,PERCENT,working,woman,AB,NN,NP,NP,5
50,PERCENT,working,woman,AB,NN,NP,NP,5
taxes,minority,increased,16,NNS,NN,VBD,AB,5
taxes,minority,extraordinary,items,NNS,NN,JJ,NNS,5
sotheby,Xs,property,catalog,NP,POS,NN,NN,5
level,financial,XX,collection,NN,JJ,XX,NN,5
works,financial,X,XX,NNS,JJ,X,XX,5
recent,moves,rates,around,JJ,NNS,NNS,IN,6
bonds,average,rate,13X1,NNS,JJ,NN,AB,6
million,year,payments,X,AB,NN,NNS,X,6
good,investment,rates,going,JJ,NN,NNS,VBG,6
acting,public,let,washington,VBG,JJ,VBD,NP,4
weigh,heavily,rateXsensitive,stocks,VBP,RB,JJ,NNS,6
found,buying,actively,sold,VBD,NN,RB,VBN,1
posts,pursue,X,X,NNS,VB,X,X,3
foreign,annual,rates,guide,JJ,JJ,NNS,NN,6
Xs,chemicals,include,X,POS,NNS,VBP,X,5
generous,best,mesa,shareholders,JJ,JJS,NP,NNS,4
report,fees,current,income,VB,NNS,JJ,NN,6
XX,X,words,goes,XX,X,NNS,VBZ,1
kindled,export,among,many,VBN,NN,IN,JJ,1
balcor,X,real,estate,NP,X,JJ,NN,5
resigned,pursue,X,positions,VBD,VB,X,NNS,3
X,primarily,radio,television,X,RB,NN,NN,5
important,uXsX,X,X,JJ,NP,X,X,4
X,satisfying,priority,panamanian,X,VBG,NN,JJ,4
credit,lower,rates,X,NN,VB,NNS,X,6
pXg,Xs,federal,level,NP,POS,JJ,NN,4
80,PERCENT,firm,may,AB,NN,NN,NP,5
projections,earnings,X,tax,NNS,NNS,X,NN,6
X,X,imposed,unpaid,X,X,VBN,JJ,6
lid,shortXterm,rates,X,NN,JJ,NNS,X,6
key,shortXterm,rate,decline,JJ,JJ,NN,VB,6
bank,said,payments,argentina,NN,VBD,NNS,NP,6
drop,net,margin,13,NN,JJ,NN,AB,6
Xs,net,income,rose,POS,JJ,NN,VBD,6
gain,sale,foreign,leasing,NN,NN,JJ,NN,5
X,net,marginXthe,difference,X,JJ,NN,NN,6
expenses,unrelated,rose,5X4,NNS,JJ,VBD,AB,6
sources,unrelated,said,continues,NNS,JJ,VBD,VBZ,6
X,net,income,third,X,JJ,NN,JJ,6
think,best,caci,stockholders,VBP,JJS,NP,NNS,4
keep,lid,rates,boost,VB,NN,NNS,VB,6
ranchers,X,preserving,herds,NNS,X,VBG,NNS,4
growing,uXsX,nation,Xs,VBG,NP,NN,POS,1
profit,taxes,costs,X,NN,NNS,NNS,X,6
conduct,public,hence,criminal,NN,JJ,RB,JJ,4
despite,falling,rates,X,IN,VBG,NNS,X,6
branches,greater,last,day,NNS,JJR,JJ,NN,1
closely,follow,rate,trends,RB,VB,NN,NNS,6
april,X,rates,recent,NP,X,NNS,JJ,6
unlikely,shortXterm,rates,rise,JJ,JJ,NNS,VB,6
discussed,sale,showtime,cable,VBN,NN,NP,NN,5
federal,funds,rate,dip,JJ,NNS,NN,VB,6
selling,equity,japanese,joint,VBG,NN,JJ,NN,5
X,average,rate,fell,X,JJ,NN,VBD,6
nXt,lost,X,X,RB,VBN,X,X,1
failed,make,payments,nearly,VBD,VB,NNS,RB,6
notes,bear,5X5,PERCENT,NNS,VB,AB,NN,6
XX,expressions,transaction,borrowers,XX,NNS,NN,NNS,1
corpX,X,expressed,buyXout,NP,X,VBN,NN,1
despite,renewed,public,topics,IN,VBN,NN,NNS,1
X,advertiser,X,X,X,NN,X,X,1
seem,lost,whole,subject,VBP,VBN,JJ,NN,1
hoping,stir,old,masters,VBG,VB,JJ,NNS,1
clients,express,paintings,nXt,NNS,VBP,NNS,RB,1
X,protecting,X,X,X,VBG,X,X,4
15,PERCENT,datatimes,corpX,AB,NN,NP,NP,5
6X25,PERCENT,rates,X,AB,NN,NNS,X,6
corpX,equity,kia,X,NP,NN,NP,X,5
X,bring,rates,X,X,VB,NNS,X,6
says,X,rates,far,VBZ,X,NNS,RB,6
X,annualized,rates,certain,X,VBN,NNS,JJ,6
industrial,gas,expand,subsidiary,JJ,NN,VB,NN,5
51,PERCENT,makro,inc,AB,NN,NP,NP,5
revival,institutional,smaller,growth,NN,JJ,JJR,JJ,1
real,turnaround,small,growth,JJ,NN,JJ,NN,1
changes,income,dividends,X,NNS,NN,NNS,X,6
balked,low,rate,banking,VBD,JJ,NN,NN,6
bank,fees,X,nXt,NN,NNS,X,RB,6
X,X,rates,X,X,X,NNS,X,6
nXt,lower,rates,weaken,RB,VB,NNS,VB,6
pay,lower,rates,X,VBP,JJR,NNS,X,6
billion,including,10,years,AB,VBG,AB,NNS,6
X,net,income,sank,X,JJ,NN,VBD,6
X,X,rate,shortXterm,X,X,NN,JJ,6
2,million,payments,medium,AB,AB,NNS,JJ,6
X,net,income,would,X,JJ,NN,MD,6
X,accruing,X,net,X,VBG,X,JJ,6
10,million,income,third,AB,AB,NN,JJ,6
income,sources,climbed,12,NN,NNS,VBD,AB,6
Xs,net,margin,southeast,POS,JJ,NN,NP,6
increase,net,income,X,NN,JJ,NN,X,6
Xs,net,margin,fell,POS,JJ,NN,VBD,6
revenue,derived,dividends,jumped,NN,VBN,NNS,VBD,6
company,Xs,national,car,NN,POS,NP,NP,5
including,net,X,slightly,VBG,JJ,X,RB,6
economy,working,rates,X,NN,VBG,NNS,X,6
national,economic,much,better,JJ,JJ,RB,RB,4
allowing,private,bankers,investors,VBG,JJ,NNS,NNS,4
attracted,public,X,underlying,VBN,JJ,X,JJ,1
taxation,minority,14,million,NN,NN,AB,AB,5
X,shortXterm,rates,fell,X,JJ,NNS,VBD,6
X,X,X,X,X,X,X,X,1
rate,higher,income,X,NN,JJR,NN,X,6
15,PERCENT,birkel,X,AB,NN,NP,X,5
foreign,annual,rates,guide,JJ,JJ,NNS,NN,6
together,trading,region,X,RB,NN,NN,X,5
expects,drop,rates,X,VBZ,NN,NNS,X,6
holding,company,oil,natural,VBG,NN,NN,JJ,5
56,PERCENT,new,field,AB,NN,JJ,NN,5
X,X,owned,bp,X,X,VBN,NP,5
liquidity,X,rate,loans,NN,X,NN,NNS,6
expect,potential,banks,throughout,VBP,JJ,NNS,IN,1
allowing,key,rate,drift,VBG,JJ,NN,VB,6
federal,funds,rate,dip,JJ,NNS,NN,VB,6
X,influences,rates,X,X,VBZ,NNS,X,6
bring,shortXterm,rates,X,VB,JJ,NNS,X,6
supply,lower,rates,easy,VB,JJR,NNS,JJ,6
could,lower,rates,obstinate,MD,VB,NNS,JJ,6
lower,shortXterm,rates,pumping,VB,JJ,NNS,VBG,6
right,X,rates,go,RB,X,NNS,VB,6
XX,concerning,lockheed,X,XX,VBG,NP,X,5
additional,increase,rates,X,JJ,NN,NNS,X,6
concerns,earnings,rates,rather,NNS,NNS,NNS,RB,6
Xs,base,rate,stands,POS,NN,NN,VBZ,6
pressure,lower,rates,X,NN,VB,NNS,X,6
simmons,Xs,company,X,NP,POS,NN,X,1
1987,X,rates,nXt,AB,X,NNS,RB,6
quickly,lower,rates,X,RB,VB,NNS,X,6
move,lower,rates,X,NN,VB,NNS,X,6
germany,raised,rates,X,NP,VBD,NNS,X,6
nXt,lower,rates,merely,RB,VB,NNS,RB,6
tax,deductibility,certain,debtXfinanced,NN,NN,JJ,JJ,6
government,bond,rates,X,NN,NN,NNS,X,6
flow,pay,X,X,NN,VB,X,X,6
X,fees,rates,paid,X,NNS,NNS,VBN,6
banks,expressed,ual,transaction,NNS,VBN,NP,NN,1
count,years,income,loans,VB,NNS,NN,NNS,6
X,X,rate,promised,X,X,NN,VBD,6
narrowing,difference,rates,uXsX,VBG,NN,NNS,NP,6
begun,reduce,rates,could,VBN,VB,NNS,MD,6
X,lower,rates,usually,X,JJR,NNS,RB,6
concluded,uXsX,rates,would,VBD,NP,NNS,MD,6
official,domestic,rates,X,JJ,JJ,NNS,X,6
raising,X,X,rates,VBG,X,X,NNS,6
lower,uXsX,rates,X,JJR,NP,NNS,X,6
statement,XX,fair,orderly,NN,XX,JJ,JJ,4
corpX,sold,parisian,chain,NP,VBN,JJ,NN,5
buy,hooker,company,X,VB,NP,NN,X,5
weak,X,rates,rising,JJ,X,NNS,VBG,6
100,PERCENT,well,X,AB,NN,NN,X,5
broader,business,better,cushioned,JJR,NN,RBR,VBN,5
pXg,Xs,superconcentrated,detergent,NP,POS,JJ,NN,1
uXsX,agencies,korean,agencies,NP,NNS,JJ,NNS,5
X,pessimism,rates,caused,X,NN,NNS,VBN,6
unlikely,allow,rates,fall,JJ,VB,NNS,VB,6
losses,caused,payments,debt,NNS,VBN,NNS,NN,6
given,banks,loans,used,VBN,NNS,NNS,VBN,6
postpone,cash,payments,X,VBP,NN,NNS,X,6
given,current,rates,X,VBN,JJ,NNS,X,6
1987,X,rates,falling,AB,X,NNS,VBG,6
board,ease,rates,much,NP,VB,NNS,RB,6
cellular,telephone,X,separate,JJ,NN,X,JJ,5
foreign,annual,rates,guide,JJ,JJ,NNS,NN,6
acquiring,minority,X,X,VBG,NN,X,X,5
resulting,decline,rates,value,VBG,NN,NNS,NN,6
effects,lower,rates,lower,NNS,JJR,NNS,JJR,6
bring,shortXterm,rates,effort,VB,JJ,NNS,NN,6
lowered,key,rate,known,VBD,JJ,NN,VBN,6
securities,pay,X,X,NNS,VBP,X,X,6
pursue,personal,X,X,VB,JJ,X,X,3
X,also,military,electronics,X,RB,JJ,NNS,5
X,annual,rate,next,X,JJ,NN,JJ,6
valued,X,rates,lower,VBN,X,NNS,JJR,6
Xs,base,rate,X,POS,NN,NN,X,6
companies,bank,follows,similar,NNS,NN,VBZ,JJ,5
weight,hefty,payments,X,NN,JJ,NNS,X,6
caused,tardy,payments,put,VBD,JJ,NNS,VB,6
significant,shift,rate,outlook,JJ,NN,NN,NN,6
billion,coupon,payments,X,AB,NN,NNS,X,6
would,default,payments,covering,MD,VB,NNS,VBG,6
X,suspended,payments,X,X,VBN,NNS,X,6
unlikely,pay,total,X,JJ,VB,NN,X,6
1980s,compound,reaching,X,AB,JJ,NN,X,6
exorbitant,compound,X,X,JJ,NN,X,X,6
businesses,borrowing,rates,higher,NNS,VBG,NNS,JJR,6
british,airways,companies,fly,NP,NPS,NNS,VBP,5
X,X,income,fee,X,X,NN,NN,6
bank,skim,X,X,NN,VB,X,X,6
topics,mutual,X,said,NNS,JJ,X,VBD,4
nbc,Xs,may,revive,NP,POS,MD,VB,1
X,minority,programXmaker,without,X,NN,NN,IN,5
nbc,Xs,qintex,bid,NP,POS,NP,NN,1
ought,stand,X,Xs,MD,VB,X,VBZ,4
warner,protecting,X,X,NP,VBG,X,X,4
citic,pay,rate,0X5,NP,VB,NN,AB,6
calculate,exact,rate,currency,VB,JJ,NN,NN,6
officials,expect,rates,decline,NNS,VBP,NNS,VB,6
think,fit,people,X,VBP,JJ,NNS,X,4
exchange,rates,rates,X,NN,NNS,NNS,X,6
inflation,high,rates,X,NN,JJ,NNS,X,6
possibility,uXsX,rates,cut,NN,NP,NNS,NN,6
X,shortXterm,rates,already,X,JJ,NNS,RB,6
PERCENT,controlling,honeywell,bull,NN,VBG,NP,NP,5
narrowing,difference,rates,loans,VBG,NN,NNS,NNS,6
said,much,company,recently,VBD,JJ,NN,RB,1
reserve,allowing,rates,ease,NP,VBG,NNS,VB,6
PERCENT,true,cost,X,NN,JJ,NN,X,6
bonds,X,rates,inflation,NNS,X,NNS,NN,6
green,sold,shellerXglobe,united,NP,VBD,NP,NP,5
reduced,uXsX,panama,nXt,VBN,NP,NP,RB,1
federal,pensions,payments,XX,JJ,NNS,NNS,X,6
move,lower,rates,XX,NN,VB,NNS,XX,6
support,falling,rates,X,NN,VBG,NNS,X,6
combined,change,rates,reminding,VBN,NN,NNS,VBG,6
cellular,telephone,X,separate,JJ,NN,X,JJ,5
operating,profit,corporate,expense,NN,NN,JJ,NN,6
pound,high,rates,long,NN,JJ,NNS,JJ,6
losses,caused,payments,debt,NNS,VBN,NNS,NN,6
postpone,cash,payments,X,VBP,NN,NNS,X,6
selfXinterest,marketplace,society,XX,NN,NN,NN,XX,4
moves,cut,rates,X,NNS,VB,NNS,X,6
X,priced,rate,float,X,VBN,NN,VB,6
performance,high,rates,must,NN,JJ,NNS,MD,6
rise,net,revenue,X,NN,JJ,NN,X,6
points,net,margin,yearXago,NNS,JJ,NN,JJ,6
period,declining,rates,X,NN,VBG,NNS,X,6
restructuring,reduced,rate,large,NN,VBN,NN,JJ,6
westmin,X,oil,X,NP,X,NN,X,5
loans,made,rates,fees,NNS,VBN,NNS,NNS,6
sell,majority,italianXbased,landini,VB,NN,JJ,NP,5
XX,minority,landini,company,XX,NN,NP,NN,5
nXt,lower,rates,rein,RB,VB,NNS,VB,6
X,X,adjustable,X,X,X,JJ,X,6
19,14,X,X,AB,AB,X,X,6
bonds,lower,payments,X,NNS,VB,NNS,X,6
carrying,costs,dividends,risen,NN,NNS,NNS,VBN,6
terms,provide,could,reset,NNS,VBP,MD,NN,6
business,caused,junk,bonds,NN,VBD,NN,NNS,6
Xs,annual,payments,X,POS,JJ,NNS,X,6
say,equity,would,divided,VB,NN,MD,VBN,5
resigned,pursue,X,X,VBD,VB,X,X,3
said,XX,XX,merger,VBD,XX,XX,NN,1
ge,X,electrical,products,NP,X,JJ,NNS,5
citing,decline,rates,X,VBG,NN,NNS,X,6
forecasts,inflation,rates,year,NNS,NN,NNS,NN,6
6X7,PERCENT,rate,threeXmonth,AB,NN,NN,JJ,6
ge,also,consumer,industrial,NP,RB,NN,JJ,5
foreign,annual,rates,guide,JJ,JJ,NNS,NN,6
corpX,X,making,helicopters,NP,X,VBG,NNS,5
stripped,separate,principal,components,VBN,JJ,JJ,NNS,6
require,higher,rate,regular,VB,JJR,NN,JJ,6
35X45,PERCENT,tank,maker,AB,NN,NN,NN,5
X,company,publishing,largeXtypeface,X,NN,VBG,NN,5
brought,controlling,sprint,gte,VBD,JJ,NP,NP,5
slimmer,net,margin,XX,JJR,JJ,NN,X,6
X,net,income,rose,X,JJ,NN,VBD,6
82,million,payments,owed,AB,AB,NNS,VBN,6
Xs,XX,protecting,potential,POS,XX,VBG,JJ,1
X,falling,rates,prompt,X,VBG,NNS,VBP,6
XX,feel,rates,pretty,XX,VBP,NNS,RB,6
buyers,X,hotels,X,NNS,POS,NNS,X,1
back,debt,payments,X,RB,NN,NNS,X,6
back,debt,payments,oppose,RB,NN,NNS,VBP,6
nbc,Xs,never,meant,NP,POS,RB,VBN,1
went,things,debt,X,VBD,NNS,NN,X,6
runXup,debt,1980s,X,NN,NN,NNS,X,6
debt,net,payments,X,NN,JJ,NNS,X,6
XX,taken,religion,XX,XX,VBN,NN,XX,1
stirred,intense,among,major,VBN,JJ,IN,JJ,1
X,commercial,intense,X,X,JJ,JJ,X,1
Xs,broad,low,cholesterol,VBZ,JJ,JJ,NN,1
saying,watching,X,X,VBG,VBG,X,X,1
retreat,shortXterm,rates,X,NN,JJ,NNS,X,6
higher,shortXterm,rates,previous,JJR,JJ,NNS,JJ,6
negus,noted,rates,generally,NP,VBD,NNS,RB,6
dividends,reinvested,rates,remain,NNS,VBN,NNS,VBP,6
PERCENT,voting,X,X,NN,NN,X,X,5
american,presidency,X,X,JJ,NN,X,X,1
believe,best,cooperate,little,VB,JJS,VB,RB,4
rise,japanese,rates,gained,NN,JJ,NNS,VBD,6
fed,Xs,rate,stance,NP,POS,NN,NN,6
nXt,allowing,rates,drift,RB,VBG,NNS,VB,6
nXt,reduce,rates,important,RB,VB,NNS,JJ,6
Xs,national,four,five,POS,JJ,AB,AB,4
price,changes,XX,13X35,NN,NNS,X,AB,6
pay,lower,rates,bonds,VB,JJR,NNS,NNS,6
Xs,tremendous,protection,event,VBZ,JJ,NN,NN,1
price,changes,income,X,NN,NNS,NN,X,6
required,allocate,expenses,consolidated,VBN,VB,NNS,JJ,6
financing,X,expenses,allocated,NN,X,NNS,VBN,6
thus,X,expenses,uXsX,RB,X,NNS,NP,6
required,consolidate,expenses,preserve,VBN,VB,NNS,VB,6
holders,comparable,rates,moneyXmarket,NNS,JJ,NNS,JJ,6
X,open,X,number,X,JJ,X,NN,5
december,open,equivalent,236X913,NP,JJ,JJ,AB,5
contracts,open,december,options,NNS,JJ,NP,NNS,5
total,open,copper,futures,JJ,JJ,NN,NNS,5
disparity,open,deliverable,supplies,NN,JJ,JJ,NNS,5
vsX,open,situations,resolved,IN,JJ,NNS,VBN,5
pressure,open,relieved,month,NN,JJ,VBN,NN,5
resulted,fraudulent,expenses,created,VBD,JJ,NNS,VBN,6
creating,fraudulent,expenses,1981,VBG,JJ,NNS,AB,6
foreign,annual,rates,guide,JJ,JJ,NNS,NN,6
express,also,financial,services,NP,RB,JJ,NNS,5
generating,lot,italian,basketball,VBG,NN,JJ,NN,1
Xve,expressions,X,offers,VBP,NNS,X,NNS,1
Xs,considerable,X,XX,VBZ,JJ,X,XX,1
tax,deductibility,payments,securities,NN,NN,NNS,NNS,6
really,serious,deal,much,RB,JJ,NN,RB,1
failed,make,payments,june,VBD,VB,NNS,NP,6
current,major,free,boundary,JJ,JJ,JJ,NN,3
music,video,aXm,Xs,NN,NN,NP,POS,5
offices,musicXpublishing,X,X,NNS,JJ,X,X,5
also,expressed,mcorp,Xs,RB,VBN,NP,POS,1
20,PERCENT,new,company,AB,NN,JJ,NN,5
pressure,net,margins,X,VB,JJ,NNS,X,6
Xs,net,income,X,POS,JJ,NN,X,6
offset,net,income,strong,VBD,JJ,NN,JJ,6
gloomier,outlook,rates,bad,JJR,NN,NNS,JJ,6
prompted,renewed,bddp,X,VBN,VBN,NP,X,1
nXt,lower,rates,anytime,RB,VB,NNS,RB,6
securities,pay,form,additional,NNS,VBD,NN,JJ,6
show,much,notes,X,VB,JJ,NNS,X,6
PERCENT,X,rate,8X00,NN,X,NN,AB,6
comeback,among,rateXsensitive,largerXcapitalization,NN,IN,JJ,JJ,6
fears,high,rates,weak,NNS,JJ,NNS,JJ,6
said,institutional,recessionXresistant,blueXchip,VBD,JJ,JJ,JJ,1
also,benefited,uXsX,cellular,RB,VBD,NP,JJ,1
helped,damp,jaguar,X,VBN,VB,NP,X,1
suffer,high,rates,cutbacks,VB,JJ,NNS,NNS,6
south,african,rates,X,JJ,JJ,NNS,X,6
X,annualized,rates,certain,X,VBN,NNS,JJ,6
X,dictates,rates,X,X,VBZ,NNS,X,6
X,culprit,rate,outlook,X,NN,NN,NN,6
amid,speculation,rates,wo,IN,NN,NNS,MD,6
X,X,rate,speculation,X,X,NN,NN,6
X,believes,rate,worries,X,VBZ,NN,NNS,6
motor,expressed,taking,stake,NP,VBN,VBG,NN,1
foreign,annual,rates,guide,JJ,JJ,NNS,NN,6
X,high,rates,australia,X,JJ,NNS,NP,6
minority,equity,dallasXbased,morningstar,NN,NN,JJ,NP,5
60,PERCENT,neiman,marcus,AB,NN,NP,NP,5
businessman,substantial,real,estate,NN,JJ,JJ,NN,5
partial,depreciation,deductions,portion,JJ,NN,NNS,NN,6
legal,property,insufficient,file,JJ,NN,JJ,VB,5
owners,sell,company,employees,NNS,VB,NN,NNS,5
repay,reservists,paid,added,VB,NPS,VBN,VBN,6
points,XX,paid,advance,NPS,X,VBN,NN,6
67,PERCENT,electronic,financial,AB,NN,JJ,JJ,5
6,PERCENT,X,telerate,AB,NN,X,NP,5
X,german,rates,would,X,NP,NNS,MD,6
X,expressed,share,buyXback,X,VBD,NN,NN,1
suitors,declare,publicly,X,NNS,VB,RB,X,1
XX,expressed,company,X,XX,VBN,NN,X,1
thomson,Xs,ferranti,intense,NP,POS,NP,JJ,1
sXaX,denied,ferranti,X,NP,VBD,NP,X,1
securities,pay,periodically,X,NNS,VB,RB,X,6
bonds,X,subject,tax,NNS,X,JJ,NN,6
corpX,majority,waste,heat,NP,NN,NN,NN,5
failed,make,payments,june,VBD,VB,NNS,NP,6
X,also,insurance,brokerage,X,RB,NN,NN,5
anybody,Xs,X,X,NN,POS,X,X,4
X,net,income,XX,X,JJ,NN,X,6
customers,X,X,lest,NNS,POS,X,IN,1
generated,considerable,X,even,VBN,JJ,X,RB,1
increase,equity,north,pacific,VB,NN,NP,NP,5
maize,primarily,making,corn,NP,RB,VBG,NN,5
nXt,lower,rates,halt,RB,VB,NNS,VB,6
targets,exchange,rates,may,NNS,NN,NNS,MD,6
ready,relax,rates,X,JJ,VB,NNS,X,6
administration,reduce,rates,bring,NN,VB,NNS,VB,6
suggested,lower,rates,may,VBD,JJR,NNS,MD,6
exchange,rates,rates,X,NN,NNS,NNS,X,6
unlikely,lower,rates,based,JJ,VB,NNS,VBN,6
advantage,falling,rates,X,NN,VBG,NNS,X,6
continue,raise,rates,X,VB,VB,NNS,X,6
Xs,media,X,said,POS,NNS,X,VBD,5
sharp,reduction,rates,unlikely,JJ,NN,NNS,JJ,6
market,raising,rates,europe,NN,VBG,NNS,NP,6
XX,main,put,firm,XX,JJ,VB,NN,3
PERCENT,fixed,rates,provide,NN,VBN,NNS,VB,6
cities,memphis,large,X,NNS,NP,JJ,X,5
hopes,lower,rates,X,NNS,JJR,NNS,X,6
Xs,annual,expense,X,POS,JJ,NN,X,6
550X000,annual,savings,X,AB,JJ,NNS,X,6
fair,best,company,shareholders,RB,JJS,NN,NNS,4
exchange,rates,rates,X,NN,NNS,NNS,X,6
raised,key,rates,X,VBD,JJ,NNS,X,6
ease,uXsX,rates,soon,VB,NP,NNS,RB,6
X,X,rate,fell,X,X,NN,VBD,6
estate,publishing,aXm,X,NN,NN,NP,X,5
team,film,including,XX,NN,NN,VBG,XX,5
reflect,prevailing,rates,X,VB,VBG,NNS,X,6
expressed,renewed,acquiring,operator,VBN,VBN,VBG,NN,1
60,PERCENT,X,exxon,AB,NN,X,NP,5
nXt,lower,rates,halt,RB,VB,NNS,VB,6
lowering,shortXterm,rates,X,VBG,JJ,NNS,X,6
back,ownership,five,parcels,RB,NN,AB,NNS,5
shareholders,X,risk,X,NNS,POS,NN,X,4
payments,minority,X,came,NNS,NN,X,VBD,5
XX,public,XX,nXt,XX,JJ,XX,RB,4
nXt,badly,X,either,RB,RB,X,RB,4
X,among,X,pritzkers,X,IN,X,NP,5
session,particular,landmark,florida,NN,JJ,NN,NP,2
inflation,soaring,rates,continued,NN,VBG,NNS,VBD,6
bonds,pay,issued,deep,NNS,VBP,VBN,JJ,6
finance,concern,40,gold,NN,NN,AB,NN,5
germany,hike,rates,100,NP,VB,NNS,AB,6
acquiring,minority,jaguar,plc,VBG,NN,NP,NP,5
sold,equity,three,south,VBD,NN,AB,NP,5
held,nonXcontrolling,companies,since,VBN,JJ,NNS,IN,5
away,reduce,payments,X,RB,VB,NNS,X,6
plan,X,would,accrue,NN,X,MD,VB,6
foreign,annual,rates,guide,JJ,JJ,NNS,NN,6
5X6,million,expenses,X,AB,AB,NNS,X,6
price,changes,income,X,NN,NNS,NN,X,6
50,year,income,X,AB,NN,NN,X,6
price,changes,income,X,NN,NNS,NN,X,6
lobbyists,defend,X,X,NNS,VB,X,X,4
boost,british,rates,last,NN,JJ,NNS,JJ,6
concerns,rising,rates,possible,NNS,VBG,NNS,JJ,6
current,high,rates,X,JJ,JJ,NNS,X,6
Xs,jump,rates,X,POS,NN,NNS,X,6
support,general,airline,sector,NN,JJ,NN,NN,1
Xs,increases,rates,europe,POS,NNS,NNS,NP,6
changes,plus,income,X,NNS,CC,NN,X,6
resurgence,investor,foreign,government,NN,NN,JJ,NN,1
week,raised,rates,X,NN,VBD,NNS,X,6
contends,foreign,rates,probably,VBZ,JJ,NNS,RB,6
soon,lower,rates,counter,RB,VB,NNS,VB,6
expectations,falling,rates,sparked,NNS,VBG,NNS,VBN,6
economy,keeping,rates,high,NN,VBG,NNS,JJ,6
burden,corporate,payments,X,NN,JJ,NNS,X,6
lows,X,blue,chips,NNS,X,JJ,NNS,1
money,pay,guise,controversial,NN,VB,NN,JJ,6
shareholders,X,extremely,dangerous,NNS,POS,RB,JJ,4
believes,investor,might,broaden,VBZ,NN,MD,VB,1
X,attracted,two,investment,X,VBN,AB,NN,1
taking,minority,company,X,VBG,NN,NN,X,5
ford,Xs,prelude,hostile,NP,POS,NN,JJ,1
may,generated,stock,X,MD,VBN,NN,X,1
Xs,coordinated,rate,increases,POS,VBN,NN,NNS,6
Xs,high,rate,policy,POS,JJ,NN,NN,6
traders,disillusioned,rate,hike,NNS,VBN,NN,NN,6
X,despite,rate,increases,X,IN,NN,NNS,6
X,XX,corporate,sector,X,XX,JJ,NN,1
X,including,X,expected,X,VBG,X,VBN,6
lowest,possible,rate,X,JJS,JJ,NN,X,6
X,high,rates,X,X,JJ,NNS,X,6
reflects,additional,expense,related,VBZ,JJ,NN,VBN,6
plus,accrued,X,X,CC,JJ,X,X,6
X,uXsX,could,hurt,X,NP,MD,VBN,4
hurts,uXsX,X,X,VBZ,NP,X,X,4
well,X,X,X,RB,X,X,X,4
holding,company,telecommunications,X,NN,NN,NNS,X,5
X,annual,running,prime,X,JJ,VBG,JJ,6
Xs,athletic,X,XX,POS,JJ,X,XX,4
widerXthanXnormal,spread,rates,good,JJ,NN,NNS,JJ,6
city,Xs,income,loans,NP,POS,NN,NNS,6
show,improvement,margin,loan,VB,NN,NN,NN,6
kept,shortXterm,rates,relatively,VBD,JJ,NNS,RB,6
prime,shortXterm,rates,X,JJ,JJ,NNS,X,6
partly,belowXmarket,rates,X,RB,JJ,NNS,X,6
pay,cash,obligations,foreseeable,VB,NN,NNS,JJ,6
X,whereas,savings,selling,X,IN,NNS,VBG,6
million,reduced,expense,X,AB,JJ,NN,X,6
failed,make,payments,june,VBD,VB,NNS,NP,6
books,recognized,women,X,NNS,VBD,NNS,X,3
Xs,XX,best,served,POS,XX,RB,VBN,4
obtaining,controlling,company,X,VBG,NN,NN,X,5
cX,400X000,payment,cX,X,AB,NN,X,6
make,sure,business,arrangement,VB,JJ,NN,NN,1
little,customer,X,would,JJ,NN,X,MD,1
peabody,still,becoming,market,NP,RB,VBG,NN,1
basket,risky,public,X,NN,JJ,NN,X,4
PERCENT,voting,uXsX,airlines,NN,NN,NP,NNS,5
help,hold,rates,X,VBP,VB,NNS,X,6
security,strategic,X,XX,NN,JJ,X,XX,4
X,stepping,uXsX,airlines,X,VBG,NP,NNS,5
foreign,annual,rates,guide,JJ,JJ,NNS,NN,6
violate,public,X,X,VBP,JJ,X,X,4
X,X,1,point,X,X,AB,NN,6
X,X,rates,generally,X,X,NNS,RB,6
X,X,rates,continue,X,X,NNS,VB,6
taken,special,one,issue,VBN,JJ,AB,NN,1
combines,personal,sense,political,VBZ,JJ,NN,JJ,1
X,always,education,X,X,RB,NN,X,1
pressure,reduce,rates,bring,NN,VB,NNS,VB,6
bank,lower,rates,coming,NN,JJR,NNS,VBG,6
fed,sets,rate,policy,NP,VBZ,NN,NN,6
X,lower,rates,reduce,X,JJR,NNS,VBP,6
dollar,raising,rates,last,NN,VBG,NNS,JJ,6
advocate,lowering,rates,help,NN,VBG,NNS,VB,6
toward,lower,rates,economic,IN,JJR,NNS,JJ,6
individuals,expressed,purchasing,principal,NNS,VBN,VBG,JJ,1
oneXpercentageXpoint,drop,rates,XX,JJ,NN,NNS,X,6
fees,best,clients,X,NNS,JJS,NNS,X,4
reserve,cut,rates,coming,NP,VB,NNS,VBG,6
think,longXterm,rates,wo,VBP,JJ,NNS,MD,6
fed,drive,rate,federal,NP,VB,NN,JJ,6
increases,odds,rates,move,VBZ,NNS,NNS,VB,6
X,X,rates,tumbled,X,X,NNS,VBD,6
X,shortXterm,rates,fell,X,JJ,NNS,VBD,6
country,drum,shares,X,NN,VB,NNS,X,1
rise,european,rates,last,NN,JJ,NNS,JJ,6
high,real,rates,leave,JJ,JJ,NNS,VBP,6
warehouses,usual,X,X,NNS,JJ,X,X,1
X,X,stocks,nXt,X,X,NNS,RB,1
instead,looking,rates,X,RB,VBG,NNS,X,6
prospects,lower,rates,helped,NNS,JJR,NNS,VBD,6
step,lower,rates,X,NN,VB,NNS,X,6
shares,may,buying,company,NNS,MD,VBG,NN,1
pressure,cut,rates,X,NN,VB,NNS,X,6
borrowing,pay,dividends,X,VBG,VB,NNS,X,6
along,annual,X,120,IN,JJ,X,AB,6
partnership,loses,X,X,NN,VBZ,X,X,1
fear,higher,rates,prompted,NN,JJR,NNS,VBD,6
surge,buying,jaguar,saatchi,NN,VBG,NP,NP,1
said,rise,rates,X,VBD,NN,NNS,X,6
use,high,rate,medicine,VB,JJ,NN,NN,6
PERCENT,beneficial,french,luxury,NN,JJ,JJ,NN,5
reduction,uXsX,rates,X,NN,NP,NNS,X,6
eroded,rising,rates,X,VBN,VBG,NNS,X,6
change,plus,income,XX,NN,CC,NN,X,6
X,X,payments,included,X,X,NNS,VBN,6
X,rising,rates,X,X,VBG,NNS,X,6
funds,fall,rates,rise,NNS,VBP,NNS,VB,6
nXt,pay,mature,X,RB,VB,VBP,X,6
X,X,rates,rising,X,X,NNS,VBG,6
accompanied,lower,rates,X,VBN,JJR,NNS,X,6
course,X,rates,rise,NN,X,NNS,VBP,6
function,national,case,war,VB,JJ,NN,NN,4
levels,high,rates,X,NNS,JJ,NNS,X,6
gains,strong,women,Xs,NNS,JJ,NNS,POS,1
X,nonXsteel,X,currently,X,JJ,X,RB,5
Xs,high,rates,X,POS,JJ,NNS,X,6
X,XX,acquiring,bX,X,XX,VBG,NP,1
Xs,majority,specialty,chain,POS,NN,NN,NN,5
sold,majority,parisian,incX,VBN,NN,NP,NP,5
failed,make,payments,june,VBN,VB,NNS,NP,6
million,average,rate,9X3,AB,JJ,NN,AB,6
10,PERCENT,productionXsharing,contract,AB,NN,NN,NN,5
sale,lowered,contract,24X3,NN,VBD,NN,AB,5
repsol,Xs,12X45,PERCENT,NP,POS,AB,NN,5
retain,sizable,northwest,java,VB,JJ,NP,NP,5
X,public,herbal,medicine,X,JJ,JJ,NN,1
X,best,priority,actively,POS,JJS,NN,RB,4
cited,higher,rates,junk,VBD,JJR,NNS,NN,6
bonds,sent,rates,issues,NNS,VBN,NNS,NNS,6
higher,corporate,payments,moderating,JJR,JJ,NNS,VBG,6
ease,shortXterm,rates,soon,VB,JJ,NNS,RB,6
announced,pushing,rates,full,VBD,VBG,NNS,JJ,6
influence,withhold,payments,state,NN,VB,NNS,NN,6
maintaining,protected,X,X,VBG,JJ,X,X,4
said,expects,rates,drop,VBD,VBZ,NNS,VB,6
activity,drop,rates,X,NN,NN,NNS,X,6
X,X,bonds,due,X,X,NNS,JJ,6
sizable,minority,telemunchen,X,JJ,NN,NP,X,5
X,X,uniformity,X,X,X,NN,X,4
market,high,rates,X,NN,JJ,NNS,X,6
developed,deep,eastern,europe,VBD,JJ,NP,NP,1
despite,long,soviet,union,IN,JJ,NP,NP,1
cuts,debt,payments,X,NNS,NN,NNS,X,6
cutting,debt,payments,providing,VBG,NN,NNS,VBG,6
nXt,expressed,moving,prime,RB,VBN,VBG,JJ,1
remainder,debt,X,X,NN,NN,X,X,6
laced,parochial,X,X,VBN,JJ,X,X,4
plus,accrued,purchase,date,CC,VBN,NN,NN,6
cash,annual,bill,X,NN,JJ,NN,X,6
nXt,include,X,600,RB,VB,X,AB,6
paying,cash,several,years,VBG,NN,JJ,NNS,6
problem,meeting,principal,payments,NN,VBG,JJ,NNS,6
Xs,expressed,X,mrX,VBZ,VBN,X,NP,1
trump,Xs,amr,X,NP,POS,NP,X,1
effects,round,rate,increases,NNS,NN,NN,NNS,6
X,X,takeover,stocks,X,X,NN,NNS,1
denied,takeover,X,saying,VBN,NN,X,VBG,1
rise,foreign,rates,X,NN,JJ,NNS,X,6
signaled,rise,rates,X,VBD,NN,NNS,X,6
X,X,rates,X,X,X,NNS,X,6
broad,investor,quickly,snapped,JJ,NN,RB,VBN,1
bundesbank,raised,rates,X,NP,VBD,NNS,X,6
fall,sharply,rate,hikes,VB,RB,NN,NNS,6
X,open,figures,released,X,JJ,NNS,VBN,5
X,open,number,contracts,X,JJ,NN,NNS,5
acquire,equity,geographic,systems,VB,NN,NP,NP,5
foreign,annual,rates,guide,JJ,JJ,NNS,NN,6
strengthened,despite,rate,increases,VBD,IN,NN,NNS,6
bundesbank,raise,rates,X,NP,VB,NNS,X,6
let,market,rates,edge,VB,NN,NNS,VB,6
high,uXsX,rates,compared,JJ,NP,NNS,VBN,6
60,PERCENT,cit,group,AB,NN,NP,NP,5
Xs,fees,costs,X,POS,NNS,NNS,X,6
community,share,stability,avoiding,NN,VBP,NN,VBG,1
tokyo,X,rate,worries,NP,X,NN,NNS,6
harmed,high,rates,X,VBN,JJ,NNS,X,6
making,higher,rates,nXt,VBG,JJR,NNS,RB,6
west,german,rate,increase,JJ,JJ,NN,NN,6
attracted,buying,local,news,VBD,NN,JJ,NN,1
payments,minority,1X37,billion,NNS,NN,AB,AB,5
X,pressure,rates,stiff,X,NN,NNS,JJ,6
taxes,minority,special,items,NNS,NN,JJ,NNS,5
raised,official,rates,full,VBD,JJ,NNS,JJ,6
Xs,benchmark,rates,highest,POS,JJ,NNS,JJS,6
columbia,Xs,burbank,studio,NP,POS,NP,NN,5
50,million,films,XX,AB,AB,NNS,XX,5
200,million,X,depreciation,AB,AB,X,NN,6
X,profits,X,taxes,X,NNS,X,NNS,6
deductibility,certain,payments,originalXissue,NN,JJ,NNS,JJ,6
plus,accrued,X,20,CC,JJ,X,AB,6
industry,public,X,X,NN,JJ,X,X,4
blow,public,X,X,NN,JJ,X,X,4
times,earnings,X,taxes,NNS,NNS,X,NNS,6
might,nXt,shareholders,X,MD,RB,NNS,X,4
industry,public,X,X,NN,JJ,X,X,4
company,defaulted,payments,sept,NN,VBD,NNS,NP,6
increase,british,rates,XX,NN,JJ,NNS,X,6
boost,key,rates,X,VB,JJ,NNS,X,6
got,left,rates,X,VBN,JJ,NNS,X,6
problem,raising,rates,consumers,NN,VBG,NNS,NNS,6
continuous,ratcheting,rates,produce,JJ,VBG,NNS,VB,6
substantial,emotional,stake,X,JJ,JJ,NN,X,1
X,X,rates,credit,X,X,NNS,NN,6
payments,principal,required,gold,NNS,NN,VBN,JJ,6
pay,principal,gold,X,VB,NN,NN,X,6
lowest,possible,rate,X,JJS,JJ,NN,X,6
lowest,governmental,rate,earth,JJS,JJ,NN,NN,6
bonds,X,bonds,could,NNS,X,NNS,MD,6
X,X,rate,would,X,X,NN,MD,6
X,expected,rate,would,X,VBN,NN,MD,6
proportionally,higher,rates,stabilize,RB,JJR,NNS,VB,6
X,X,payment,X,X,X,NN,X,6
paid,lower,rate,X,VBN,JJR,NN,X,6
X,bonus,rates,good,X,NN,NNS,JJ,6
people,express,certificates,receive,NNS,VBP,NNS,VBP,1
obviously,big,protecting,reputation,RB,JJ,VBG,NN,4
eyeXcatching,firstXyear,rate,12,JJ,JJ,NN,AB,6
X,offer,rates,fixed,X,VBP,NNS,VBN,6
committee,Xs,X,X,NN,POS,X,X,3
seeking,high,rates,contributed,VBG,JJ,NNS,VBD,6
securities,pay,periodically,X,NNS,VB,RB,X,6
X,current,bonds,due,X,JJ,NNS,JJ,6
X,X,bonds,treated,X,X,NNS,VBN,6
must,make,shortfalls,cash,MD,VB,NNS,NN,6
express,great,knowing,redwoods,VBP,JJ,VBG,NNS,1
fears,uXkX,rates,might,NNS,NP,NNS,MD,6
said,prospective,rate,increase,VBD,JJ,NN,NN,6
X,investor,yesterday,centered,X,NN,NN,VBD,1
X,investor,X,blossomed,X,NN,X,VBD,1
west,german,rates,would,JJ,JJ,NNS,MD,6
buying,brewing,leisure,X,VBG,NN,NN,X,5
total,return,income,X,JJ,NN,NN,X,6
X,rising,rates,also,X,VBG,NNS,RB,6
nXt,pay,mature,X,RB,VB,VBP,X,6
months,rising,rates,X,NNS,VBG,NNS,X,6
signs,X,rates,remain,NNS,X,NNS,VB,6
push,shortXterm,rates,higher,VB,JJ,NNS,RBR,6
pursue,personal,X,X,VB,JJ,X,X,3
sales,meet,payments,valued,NNS,VB,NNS,VBN,6
incurred,hefty,expense,debt,VBN,JJ,NN,NN,6
moves,academic,X,X,VBZ,JJ,X,X,1
maintaining,security,property,participating,VBG,NN,NN,VBG,5
studies,draw,colleges,fall,NNS,VBP,NNS,NN,1
japanese,sheer,X,XX,NP,JJ,X,XX,1
increase,german,rates,X,NN,JJ,NNS,X,6
XX,shortXterm,rates,picked,XX,JJ,NNS,VBN,6
managers,think,rates,headed,NNS,VBP,NNS,VBN,6
yield,assumes,rate,remains,NN,VBZ,NN,VBZ,6
3,PERCENT,X,X,AB,NN,X,X,6
professional,personal,X,X,JJ,JJ,X,X,3
agreed,buy,payXperXview,network,VBD,VB,NP,NP,5
XX,reXevaluate,goals,explore,XX,JJ,NNS,VB,3
sensitive,changes,rates,X,JJ,NNS,NNS,X,6
brought,high,rates,rising,VBD,JJ,NNS,VBG,6
X,stirred,among,bottomXfishers,X,VBD,IN,NNS,1
X,exchange,reconstructed,restaurant,X,NN,JJ,NN,5
funds,important,X,X,NNS,JJ,X,X,4
newspaper,perth,bell,resources,NN,NP,NP,NP,5
accrued,unpaid,X,together,JJ,JJ,X,RB,6
failed,make,payments,nearly,VBD,VB,NNS,RB,6
economy,foreign,rates,X,NN,JJ,NNS,X,6
midwest,general,keeping,american,NP,JJ,VBG,JJ,1
policy,allow,rates,somewhat,NN,VB,NNS,RB,6
possible,increase,rates,X,JJ,NN,NNS,X,6
issue,stirring,among,safety,NN,VBG,IN,NN,1
foreign,annual,rates,guide,JJ,JJ,NNS,NN,6
said,high,rates,recent,VBD,JJ,NNS,JJ,6
foreign,annual,rates,guide,JJ,JJ,NNS,NN,6
plus,accrued,novX,15,CC,JJ,NP,AB,6
way,revival,theology,religious,NN,NN,NN,JJ,1
vast,difference,X,gleefully,JJ,NN,X,RB,1
X,unsecured,rates,prime,X,JJ,NNS,JJ,6
government,reduced,rate,X,NN,JJ,NN,X,6
exploit,congressional,bolar,X,VB,JJ,NP,X,1
find,study,X,XX,VB,NN,X,XX,2
counting,increasing,americans,things,VBG,VBG,NPS,NNS,1
nepalese,expressed,obtaining,weapons,NPS,VBN,VBG,NNS,1
acquire,controlling,X,management,VB,JJ,X,NN,5
cut,shortXterm,rates,X,VB,JJ,NNS,X,6
able,cut,rates,fast,JJ,VB,NNS,RB,6
raise,key,rates,least,VB,JJ,NNS,JJS,6
X,higher,rates,abroad,X,JJR,NNS,RB,6
offering,best,mrX,wisner,NN,JJS,NP,NP,4
extent,reported,earned,foreignXexchange,NN,VBN,VBN,NN,6
policy,pushing,rates,march,NN,VBG,NNS,NP,6
closely,influenced,rates,purchases,RB,VBN,NNS,NNS,6
ford,Xs,european,luxuryXcar,NP,POS,JJ,NN,1
companies,expressed,buying,significant,NNS,VBN,VBG,JJ,1
shortages,keep,pumped,nintendo,NNS,VBP,VBD,NP,1
X,average,rate,inched,X,JJ,NN,VBD,6
X,especially,declining,property,X,RB,VBG,NN,5
york,franchise,X,1X9,NP,NN,X,AB,5
tennessee,large,biggest,market,NP,JJ,JJS,NN,5
metromedia,Xs,X,analysts,NP,POS,X,NNS,5
PERCENT,voting,45X67,PERCENT,NN,NN,AB,NN,5
PERCENT,equity,new,york,NN,NN,NP,NP,5
PERCENT,voting,45,PERCENT,NN,NN,AB,NN,5
PERCENT,equity,franchise,X,NN,NN,NN,X,5
X,expressed,attaining,remainder,X,VBN,VBG,NN,1
new,york,X,X,NP,NP,X,X,5
metromedia,Xs,X,bellsouth,NP,POS,X,NP,5
metromedia,Xs,X,XX,NP,POS,X,XX,5
X,addition,las,vegas,X,NN,NP,NP,5
individuals,hold,partnerships,everything,NNS,VBP,NNS,NN,5
numbers,payers,dividends,X,NNS,NNS,NNS,X,6
X,private,exempt,funds,POS,JJ,JJ,NNS,3
million,equity,australian,operations,AB,NN,JJ,NNS,5
possible,uXkX,rate,increase,JJ,NP,NN,NN,6
attracted,investor,strong,earning,VBD,NN,JJ,NN,1
higher,uXkX,rates,still,JJR,NP,NNS,RB,6
worry,effect,rates,federal,VBP,NN,NNS,NP,6
considerable,investor,X,X,JJ,NN,X,X,1
XX,indicated,investors,X,XX,VBN,NNS,X,1
deferred,february,charge,promotion,VBN,NP,NN,NN,6
company,pursue,X,X,NN,VB,X,X,3
mark,anticipation,rate,increase,NN,NN,NN,NN,6
resigned,pursue,X,X,VBD,VB,X,X,3
11X4,PERCENT,company,anticipation,AB,NN,NN,NN,5
X,X,financial,group,X,X,JJ,NN,1
buying,optimism,rates,may,NN,NN,NNS,MD,6
glimmers,retail,since,got,NNS,JJ,IN,VBD,1
consider,lowering,rates,new,VB,VBG,NNS,JJ,6
speculation,lower,rates,X,NN,JJR,NNS,X,6
outlook,lower,rates,X,NN,JJR,NNS,X,6
X,shortXterm,rates,fell,X,JJ,NNS,VBD,6
winning,net,cost,X,VBG,JJ,NN,X,6
occidental,petroleum,oil,gas,NP,NP,NN,NN,5
X,lower,cost,resulting,X,JJR,NN,VBG,6
nominations,indications,specific,areas,NNS,NNS,NN,NNS,1
areas,generated,X,X,NNS,VBD,X,X,1
X,X,area,expected,X,X,NN,VBN,1
Xs,happening,rates,general,VBZ,VBG,NNS,JJ,6
production,coX,five,offshore,NP,NP,AB,JJ,5
losses,caused,payments,debt,NNS,VBN,NNS,NN,6
given,banks,loans,used,VBN,NNS,NNS,VBN,6
postpone,cash,payments,X,VBP,NN,NNS,X,6
sell,cellular,southeast,X,VB,JJ,NP,X,5
bush,Xs,cw,ban,NP,POS,NP,NN,1
uXsX,national,headed,possibly,NP,JJ,VBN,RB,4
PERCENT,insurance,cieX,de,NN,NN,NP,NP,5
end,speculative,led,flurries,VB,JJ,VBN,NNS,1
led,flurries,stock,past,VBN,NNS,NN,JJ,1
muchXcoveted,insurance,hands,powerful,JJ,NN,NNS,JJ,5
existing,french,new,holding,VBG,JJ,JJ,VBG,5
fixed,rate,X,put,VBN,NN,X,VB,6
said,domestic,rates,dropped,VBD,JJ,NNS,VBN,6
X,uXsX,lies,continuing,X,NP,VBZ,VBG,4
Xs,industrialXgas,using,proceeds,POS,JJ,VBG,NNS,5
X,annualized,rates,certain,X,VBN,NNS,JJ,6
generated,heavy,payments,depreciation,VBN,JJ,NNS,NN,6
rothschild,sold,general,partner,NP,VBD,JJ,NN,5
planning,raise,10,PERCENT,VBG,VB,AB,NN,5
corpX,signals,handicapped,workers,NP,VBZ,JJ,NNS,1
given,pushing,rates,X,VBN,VBG,NNS,X,6
sperandeo,expects,rates,rise,NP,VBZ,NNS,VB,6
148,million,several,oil,AB,AB,JJ,NN,5
PERCENT,working,hartzog,draw,NN,VBG,NP,NP,5
give,company,2X100,oil,VB,NN,AB,NN,5
6X5,million,payments,due,AB,AB,NNS,JJ,6
british,thread,could,antiXcompetitive,JJ,NN,MD,JJ,5
tax,minority,X,rose,NN,NN,X,VBD,5
X,minority,extraordinary,items,X,NN,JJ,NNS,5
par,plus,accrued,redemption,NN,CC,VBN,NN,6
foreign,annual,rates,guide,JJ,JJ,NNS,NN,6
huge,amounts,dollar,Xs,JJ,NNS,NN,POS,6
slows,X,rates,fall,VBZ,X,NNS,VB,6
payments,minority,rose,1X475,NNS,NN,VBD,AB,5
payment,base,plus,participation,NN,JJ,CC,NN,6
accounted,pooling,subject,approval,VBN,NN,JJ,NN,5
supply,reduces,rates,X,NN,VBZ,NNS,X,6
bundesbank,raise,rates,week,NP,VB,NNS,NN,6
X,higher,rates,abroad,X,JJR,NNS,RB,6
cut,uXsX,rates,part,VB,NP,NNS,NN,6
high,X,rates,risen,JJ,X,NNS,VBN,6
seeking,postpone,payments,nXt,VBG,VB,NNS,RB,6
colleagues,expressed,lower,capitalXgains,NNS,VBN,JJR,NNS,1
instead,paying,X,60,RB,VBG,X,AB,6
PERCENT,insurance,france,Xs,NN,NN,NP,POS,5
fears,higher,rates,coming,NNS,JJR,NNS,VBG,6
concerns,uXkX,rates,may,NNS,NP,NNS,MD,6
meeting,damping,stock,trading,NN,VBG,NN,NN,1
X,X,rates,moved,X,X,NNS,VBD,6
west,german,rates,X,JJ,JJ,NNS,X,6
back,taxes,claimed,favorable,JJ,NNS,VBN,JJ,6
break,cash,payments,X,NN,NN,NNS,X,6
20,PERCENT,call,meeting,AB,NN,VB,NN,5
dealers,lost,franchise,X,NNS,VBN,NN,X,1
focused,likelihood,rate,increase,VBN,NN,NN,NN,6
X,without,rate,increase,X,IN,NN,NN,6
additional,gains,rates,would,JJ,NNS,NNS,MD,6
PERCENT,working,acreage,X,NN,JJ,NN,X,5
60,PERCENT,aluminum,X,AB,NN,NN,X,5
acquire,controlling,harleyXdavidson,seek,VB,VBG,NP,VB,5
explaining,soviet,keen,works,VBG,JJ,JJ,NNS,1
operating,best,adoptee,X,VBG,JJS,NN,X,4
netherlandsXbased,hcs,software,hardware,JJ,NP,NN,NN,5
either,principal,payments,X,DT,NN,NNS,X,6
nXt,paid,mediumXterm,longXterm,RB,VBD,JJ,JJ,6
XX,security,assets,extent,XX,NN,NNS,NN,5
children,paying,excess,debt,NNS,VBG,JJ,NN,6
value,mortgage,deduction,15,NN,NN,NN,AB,6
cir,raised,olivetti,41,NP,VBD,NP,AB,5
recent,unwelcome,stock,X,JJ,JJ,NN,X,1
settlement,tax,obligations,resulting,NN,NN,NNS,VBG,6
deferred,recognition,income,earned,VBN,NN,NN,VBN,6
malato,accrued,end,suspension,NP,JJ,VB,NN,6
consumers,X,taxes,totals,NNS,X,NNS,VBZ,6
XX,best,shareowners,X,XX,JJS,NNS,X,4
dexter,reduced,grafil,1987,NP,VBD,NP,AB,5
doughnut,rate,X,X,NN,NN,X,X,6
X,equity,calabasas,X,POS,NN,NP,X,5
half,high,rates,crimp,NN,JJ,NNS,VB,6
protection,swings,rates,certain,NN,NNS,NNS,JJ,6
enough,information,potential,foreign,JJ,NN,JJ,JJ,2
X,lack,latest,bad,X,NN,JJS,JJ,1
inflationXadjusted,X,rates,X,JJ,X,NNS,X,6
raised,overnight,rate,government,VBD,JJ,NN,NN,6
energy,engineering,X,said,NN,NN,X,VBD,5
allowed,domestic,rates,fall,VBN,JJ,NNS,VB,6
X,pushing,rates,march,X,VBG,NNS,NP,6
X,X,X,coverage,X,X,X,NN,6
cause,change,rate,policy,VB,NN,NN,NN,6
holding,pattern,rates,meeting,VBG,NN,NNS,NN,6
X,carries,rate,14,X,VBZ,NN,AB,6
increase,debt,expense,X,VB,NN,NN,X,6
big,drop,rates,dow,JJ,NN,NNS,NP,6
X,X,rates,declined,X,X,NNS,VBD,6
percentageXpoint,drop,rates,year,JJ,NN,NNS,NN,6
X,shown,uXsX,stocks,X,VBN,NP,NNS,1
5,reaffirmed,acquiring,cooper,AB,VBD,VBG,NP,1
country,much,health,care,NN,RB,NN,NN,4
end,fight,funds,attached,VB,NN,NNS,VBN,1
tobacco,insurance,X,X,NN,NN,X,X,5
X,X,rates,fell,X,X,NNS,VBD,6
X,net,margin,XX,X,JJ,NN,X,6
vaX,X,defense,work,NP,X,NN,NN,5
foreign,annual,rates,guide,JJ,JJ,NNS,NN,6
60,PERCENT,kendall,gold,AB,NN,NP,NN,5
manipulates,shortXterm,rates,X,VBZ,JJ,NNS,X,6
X,traces,reforming,fed,X,VBZ,VBG,NP,1
moderate,longXterm,rates,X,JJ,JJ,NNS,X,6
raise,shortXterm,rates,yank,VB,JJ,NNS,VB,6
immediate,drop,rates,financial,JJ,NN,NNS,JJ,6
XX,raising,rates,high,XX,VBG,NNS,JJ,6
money,low,rates,X,NN,JJ,NNS,X,6
prices,shortXterm,rate,futures,NNS,JJ,NN,NNS,6
portend,rise,rates,X,VB,NN,NNS,X,6
X,higher,rates,hurt,X,JJR,NNS,VBP,6
changes,plus,payments,X,NNS,CC,NNS,X,6
X,lowering,rates,enough,X,VBG,NNS,RB,6
soared,speculation,rates,would,VBD,NN,NNS,MD,6
picks,strength,rates,rise,VBZ,NN,NNS,VBP,6
X,expects,rate,federal,X,VBZ,NN,JJ,6
X,real,rates,X,X,JJ,NNS,X,6
yet,growing,western,businesses,RB,VBG,JJ,NNS,1
action,protect,already,notified,NN,VB,RB,VBN,4
XX,Xs,selfXregulator,avoid,XX,VBZ,NN,VB,4
sandner,Xs,abs,shortly,NP,POS,NP,RB,5
1988,indirect,abs,nXt,AB,JJ,NP,RB,5
never,allow,influence,thinking,RB,VB,VB,NN,4
55,PERCENT,business,X,AB,NN,NN,X,5
recent,expressions,company,X,JJ,NNS,NN,X,1
least,equity,X,X,JJS,NN,X,X,5
resigned,pursue,X,X,VBD,VB,X,X,3
personal,community,X,including,JJ,NN,X,VBG,3
german,japanese,rates,damp,JJ,JJ,NNS,VB,6
X,lower,rates,relieve,X,VB,NNS,VB,6
west,german,rates,X,JJ,JJ,NNS,X,6
reckons,uXsX,rates,set,VBZ,NP,NNS,VBN,6
germans,increase,rates,significantly,NPS,VB,NNS,RB,6
resorts,suspended,payments,bonds,NPS,VBN,NNS,NNS,6
rumors,possible,bass,family,NNS,JJ,NP,NN,1
speculation,X,would,nXt,NN,X,MD,RB,1
X,X,rates,climbed,X,X,NNS,VBD,6
steers,market,rates,X,VBZ,NN,NNS,X,6
boost,uXkX,rates,X,NN,NP,NNS,X,6
government,Xs,served,prohibiting,NN,POS,VBN,VBG,4
discuss,common,cutting,capital,VB,JJ,VBG,NN,4
also,expressed,X,X,RB,VBN,X,X,1
select,principal,reduction,options,VB,NN,NN,NNS,6
principal,X,X,X,NN,X,X,X,6
currently,paying,debt,principal,RB,VBG,NN,JJ,6
tax,minority,X,profit,NN,NN,X,NN,5
charges,minority,totaled,X,NNS,NN,VBD,X,5
pressured,high,rates,related,JJ,JJ,NNS,JJ,6
aware,takeover,company,X,JJ,NN,NN,X,1
squeeze,net,margins,XX,NN,JJ,NNS,X,6
Xs,net,margin,narrowed,POS,JJ,NN,VBD,6
X,possible,marketing,drug,X,JJ,VBG,NN,1
american,Xs,deal,motivated,NP,POS,NN,VBN,1
XX,aware,financial,buyers,XX,JJ,JJ,NNS,1
house,capitalize,hong,kong,NN,VB,NP,NP,1
Xs,lot,hong,kong,VBZ,NN,NP,NP,1
uic,attracting,overseas,investors,NP,VBG,JJ,NNS,1
directly,holds,105,40,RB,VBZ,AB,AB,5
biggest,companies,brewing,X,JJS,NNS,NN,X,5
means,protecting,X,X,NN,VBG,X,X,4
pursue,sale,showtime,networks,VB,NN,NP,NPS,5
allow,lower,costs,significantly,VB,VB,NNS,RB,6
fu,Xs,politics,faded,NP,POS,NNS,VBD,1
12,PERCENT,enron,oil,AB,NN,NP,NP,5
mark,iv,X,company,NP,NP,X,NN,1
plus,accrued,redemption,date,CC,JJ,NN,NN,6
X,artra,fashion,jewelry,X,NP,NN,NN,5
merck,research,angiotensin,ii,NP,NN,NN,AB,3
tuesday,X,paid,quarterly,NP,X,VBN,RB,6
X,current,bonds,due,X,JJ,NNS,JJ,6
PERCENT,current,bonds,tentatively,NN,JJ,NNS,RB,6
foreign,annual,rates,guide,JJ,JJ,NNS,NN,6
necessarily,best,X,XX,RB,JJS,X,XX,4
X,sparking,otherwise,quiet,X,VBG,RB,JJ,1
yields,rise,rates,fall,NNS,VBP,NNS,VBP,6
prices,drop,rates,soared,NNS,VB,NNS,VBD,6
notes,priced,rate,float,NNS,VBN,NN,VB,6
17,PERCENT,payments,repay,AB,NN,NNS,VB,6
XX,annual,payments,X,XX,JJ,NNS,X,6
meant,smaller,payments,X,VBN,JJR,NNS,X,6
reserve,lower,rates,X,NP,VB,NNS,X,6
counts,revenue,escrow,account,VBZ,NN,NN,NN,6
let,uXsX,rates,slip,VB,NP,NNS,VB,6
foreign,voting,ca,nXt,JJ,NN,MD,RB,5
marked,nervousness,rates,pound,VBN,NN,NNS,NN,6
worries,uXkX,rates,need,NNS,NP,NNS,VB,6
Xs,best,X,XX,VBZ,JJS,X,XX,4
payments,minority,rose,1X91,NNS,NN,VBD,AB,5
majorityXheld,bank,contributed,advance,JJ,NN,VBD,NN,5
showed,open,copper,X,VBD,JJ,NN,X,5
december,open,declined,1X597,NP,JJ,VBD,AB,5
inventories,high,rates,costs,NNS,JJ,NNS,NNS,6
X,largely,income,associated,X,RB,NN,VBN,6
X,warner,protect,X,X,NP,VB,X,4
change,world,rates,X,NN,NN,NNS,X,6
PERCENT,exclusion,bank,loans,NN,NN,NN,NNS,6
gains,X,rates,X,NNS,X,NNS,X,6
harcourt,Xs,bill,roughly,NP,POS,NN,RB,6
14,PERCENT,X,much,AB,NN,X,RB,6
resigned,pursue,X,X,VBD,VB,X,X,3
earned,extra,making,federally,VBD,JJ,VBG,RB,6
law,pay,securities,ever,NN,VB,NNS,RB,6
X,X,pay,exempt,X,X,VBP,JJ,6
principal,lower,rate,bond,NN,JJR,NN,NN,6
leadership,administration,holding,revision,NN,NN,VBG,NN,1
X,stirring,newXissues,market,X,VBG,JJ,NN,1
judged,national,X,X,VBN,JJ,X,X,4
taxable,pension,income,X,JJ,NN,NN,X,6
given,picture,X,especially,VBN,NN,X,RB,2
PERCENT,working,blackstone,oil,NN,VBG,NP,NP,5
10X02,PERCENT,X,X,AB,NN,X,X,5
X,remaining,divided,among,X,JJ,VBN,IN,5
X,voiced,acquiring,stake,X,VBN,VBG,NN,1
X,aware,X,XX,X,JJ,X,XX,1
confirm,deny,companies,nippon,VB,VB,NNS,NP,1
contract,research,income,X,NN,NN,NN,X,6
X,allowing,rates,float,X,VBG,NNS,VB,6
government,loans,rates,inflation,NN,NNS,NNS,NN,6
suggest,higher,rates,horizon,VBP,JJR,NNS,NN,6
offer,higher,rates,desperate,VBP,JJR,NNS,JJ,6
watched,great,medical,scientific,VBN,JJ,JJ,JJ,1
company,diverse,laboratory,supply,NN,JJ,NN,NN,5
50,PERCENT,new,hampshire,AB,NN,NP,NP,5
bear,annual,10X5,PERCENT,VB,JJ,AB,NN,6
country,Xs,name,freeXmarket,NN,POS,NN,NN,4
manufacturer,pursue,X,X,NN,VB,X,X,3
pursue,personal,portugal,X,VB,NP,NP,X,3
X,current,bonds,due,X,JJ,NNS,JJ,6
response,lower,rates,X,NN,JJR,NNS,X,6
holding,company,manufacturing,real,NN,NN,NN,JJ,5
ta,Xs,XX,five,NP,POS,XX,AB,5
bundesbank,push,rates,higher,NP,VB,NNS,RBR,6
tax,minority,X,profit,NN,NN,X,NN,5
high,level,rates,X,JJ,NN,NNS,X,6
plant,higher,expenses,X,NN,JJR,NNS,X,6
taxes,minority,tumbled,half,NNS,NN,VBD,NN,5
possible,conflicts,X,consultant,JJ,NNS,X,NN,4
nXt,best,XX,company,RB,JJS,XX,NN,4
purchase,minority,aXlX,williams,NN,NN,NP,NP,5
49,PERCENT,columbia,X,AB,NN,NP,X,5
3,PERCENT,columbia,X,AB,NN,NP,X,5
company,pursue,X,probably,NN,VB,X,RB,3
foreign,annual,rates,guide,JJ,JJ,NNS,NN,6
nation,Xs,one,state,NN,POS,AB,NN,4
state,Xs,protect,management,NN,POS,VB,NN,4
showed,renewed,sea,newfoundland,VBD,JJ,NN,NP,1
X,said,exploration,spurred,X,VBD,NN,VBN,1
stimulate,additional,among,thrifts,VB,JJ,IN,NNS,1
direction,uXkX,rates,corporate,NN,NP,NNS,JJ,6
attention,prospects,rate,increase,NN,NNS,NN,NN,6
thursday,raise,rates,X,NP,VB,NNS,X,6
rise,german,rates,making,NN,JJ,NNS,VBG,6
jitters,domestic,rates,bleak,NNS,JJ,NNS,NN,6
49,PERCENT,owned,cocaXcola,AB,NN,VBN,NP,5
long,Xs,inmates,X,RB,VBZ,NNS,X,2
better,expected,buying,copper,JJR,VBN,VBG,NN,1
bundesbank,boost,rates,octX,NP,VB,NNS,NP,6
shown,little,bond,auction,VBN,JJ,NN,NN,1
deductibility,certain,payments,original,NN,JJ,NNS,JJ,6
Xs,main,maintain,empire,POS,JJ,VB,NN,3
leaving,company,laboratory,supply,VBG,NN,NN,NN,5
raises,key,rates,X,VBZ,JJ,NNS,X,6
operating,profits,quarter,X,NN,NNS,NN,X,6
plus,accrued,X,X,CC,VBN,X,X,6
personal,taxes,borrowings,X,JJ,NNS,NNS,X,6
stable,china,united,states,JJ,NP,NP,NPS,4
stable,china,united,states,JJ,NP,NP,NPS,4
fully,diluted,fell,43X2,RB,JJ,VBD,AB,5
PERCENT,indirect,ralphs,grocery,NN,JJ,NP,NP,5
campeau,bears,9X875,PERCENT,NP,VBZ,AB,NN,6
ultimately,best,clients,X,RB,JJS,NNS,X,4
X,shorterXterm,X,selling,X,JJR,X,VBG,4
Xs,X,regarding,marine,POS,X,VBG,NP,4
X,average,rate,rose,X,JJ,NN,VBD,6
X,deduct,paid,loan,X,VB,VBN,NN,6
reduced,reported,dividend,income,VBD,JJ,NN,NN,6
principal,plus,finally,taxed,NN,CC,RB,VBN,6
iraXplus,X,X,tax,NN,X,X,NN,6
protect,personal,X,X,VB,JJ,X,X,4
X,best,XX,making,POS,JJS,XX,VBG,4
67,PERCENT,X,X,AB,NN,X,X,5
west,german,rates,X,JJ,JJ,NNS,X,6
consider,raising,rates,current,VB,VBG,NNS,JJ,6
advocated,raising,rates,japan,VBN,VBG,NNS,NP,6
X,domestic,rates,country,X,JJ,NNS,NN,6
1X6,billion,payment,international,AB,AB,NN,JJ,6
foreign,annual,rates,guide,JJ,JJ,NNS,NN,6
pursue,business,X,X,VB,NN,X,X,3
pursue,business,X,X,VB,NN,X,X,3
terrible,conflict,XX,among,JJ,NN,XX,IN,4
X,X,rising,fast,X,X,VBG,RB,1
aside,buying,singleXcountry,stock,RB,VBG,JJ,NN,1
5,PERCENT,placing,remaining,AB,NN,VBG,VBG,5
pay,higher,rates,big,VB,JJR,NNS,JJ,6
spurred,rush,advertisers,publishers,VBN,NN,NNS,NNS,1
would,drive,rates,X,MD,VB,NNS,X,6
long,current,term,bonds,JJ,JJ,NN,NNS,6
consider,raising,rates,way,VB,VBG,NNS,NN,6
notes,drew,diverse,set,NNS,VBD,JJ,NN,1
concerns,uXkX,rate,increases,NNS,NP,NN,NNS,6
fears,rising,rates,X,NNS,VBG,NNS,X,6
whether,current,rates,consistent,IN,JJ,NNS,JJ,6
banks,X,margins,X,NNS,POS,NNS,X,6
priority,lowering,rates,X,NN,VBG,NNS,X,6
exploit,local,reach,beyond,VB,JJ,VB,IN,4
many,economic,driving,mrX,DT,JJ,VBG,NP,3
51,PERCENT,three,independent,AB,NN,AB,JJ,5
paper,retailing,X,including,NN,NN,X,VBG,5
X,short,rose,2X7,X,JJ,VBD,AB,5
reinforcing,belief,rates,remain,VBG,NN,NNS,VB,6
43X7,PERCENT,leadXzinc,producer,AB,NN,JJ,NN,5
X,controlling,goldXmining,operations,X,VBG,JJ,NNS,5
incX,X,franklin,resources,NP,X,NP,NPS,5
50,PERCENT,puna,geothermal,AB,NN,NP,NP,5
students,X,X,X,NNS,POS,X,X,1
PERCENT,limitedXpartner,kaneb,pipe,NN,JJ,NP,NP,5
X,pipeline,X,X,X,NN,X,X,5
government,Xs,protected,public,NN,POS,VBN,JJ,4
holding,company,broadcasting,X,VBG,NN,NN,X,5
raise,key,rates,X,VB,JJ,NNS,X,6
higher,domestic,rates,usually,JJR,JJ,NNS,RB,6
open,realignment,rates,X,JJ,NN,NNS,X,6
X,every,payment,date,X,DT,NN,NN,6
also,disclosed,selling,caldor,RB,VBN,VBG,NP,1
uXkX,retailing,existing,shareholders,NP,VBG,VBG,NNS,5
limited,partner,kaneb,pipe,VBD,NN,NP,NP,5
X,short,large,small,X,JJ,JJ,JJ,5
otc,short,posted,last,NP,JJ,VBD,JJ,5
X,short,rose,1,X,JJ,VBD,AB,5
otc,short,latest,month,NP,JJ,JJS,NN,5
decline,short,new,york,NN,JJ,NP,NP,5
X,short,acclaim,entertainment,X,JJ,NP,NP,5
X,short,first,executive,X,JJ,NP,NP,5
saw,short,jump,77,VBD,JJ,NN,AB,5
X,short,novell,X,X,JJ,NP,X,5
X,short,number,shares,X,JJ,NN,NNS,5
surge,short,indicates,speculation,NN,JJ,VBZ,NN,5
base,short,healthy,X,NN,JJ,JJ,X,5
compiles,short,data,two,VBZ,JJ,NNS,AB,5
X,short,2X391,national,X,JJ,AB,NP,5
X,short,totaled,nearly,X,JJ,VBD,RB,5
issues,short,position,least,NNS,JJ,NN,JJS,5
said,immediate,buying,foreign,VBD,JJ,VBG,JJ,1
installations,conflict,audit,work,NNS,NN,NN,NN,4
XX,nXt,acquiring,phone,XX,RB,VBG,NN,1
X,X,rates,full,X,X,NNS,JJ,6
X,average,rate,30Xyear,X,JJ,NN,JJ,6
X,X,rates,general,X,X,NNS,JJ,6
month,X,rates,climbed,NN,X,NNS,VBD,6
lawyers,represent,face,additional,NNS,VB,VBP,JJ,4
going,happen,rates,X,VBG,VB,NNS,X,6
economy,keep,rates,falling,NN,VB,NNS,VBG,6
deal,later,rates,fall,NN,RB,NNS,VBP,6
significantly,less,would,fixed,RB,JJR,MD,VBN,6
comes,think,rates,headed,VBZ,VBP,NNS,VBN,6
PERCENT,equity,block,21024a,NN,NN,NP,NP,5
X,base,rates,remain,POS,NN,NNS,VB,6
government,raised,rates,10,NN,VBN,NNS,AB,6
lawson,reiterated,rates,remain,NP,VBD,NNS,VB,6
government,raise,rates,X,NN,VB,NNS,X,6
particularly,higher,rates,could,RB,JJR,NNS,MD,6
respond,high,rates,X,VB,JJ,NNS,X,6
X,annualized,rates,certain,X,VBN,NNS,JJ,6
received,promised,payments,X,VBD,VBN,NNS,X,6
X,exchange,smallest,loan,X,NN,JJS,NN,6
cellular,telephone,bellsouth,X,JJ,NN,NP,X,5
magistrate,Xs,understandable,X,NN,POS,JJ,X,1
foreign,annual,rates,guide,JJ,JJ,NNS,NN,6
X,concern,many,businesses,X,NN,JJ,NNS,5
carrying,lower,rate,ranking,VBG,JJR,NN,VBG,6
debt,X,currently,payable,NN,X,RB,JJ,6
X,pay,form,additional,X,VBP,NN,JJ,6
might,allow,rates,fall,MD,VB,NNS,VB,6
tolerate,rise,rates,X,VB,NN,NNS,X,6
X,higher,rates,seem,X,JJR,NNS,VBP,6
catch,overdue,payments,X,VB,JJ,NNS,X,6
million,behind,payments,commercialXbank,AB,IN,NNS,JJ,6
reducing,debt,X,according,VBG,NN,X,VBG,6
foreignXbank,debt,payments,X,JJ,NN,NNS,X,6
publisher,special,magazines,X,NN,JJ,NNS,X,3
firms,X,europe,generated,NNS,POS,NP,VBN,1
Xs,longXterm,china,X,POS,JJ,NP,X,4
Xs,conflict,never,disclosed,POS,NN,RB,VBN,4
oryx,sold,107,oil,NP,VBD,AB,NN,5
trading,euroyen,rate,futures,VBG,NP,NN,NNS,6
bidders,expressed,buying,delaware,NNS,VBD,VBG,NP,1
wertheim,schroder,X,X,NP,NP,X,X,5
shortXterm,domestic,rates,higher,JJ,JJ,NNS,JJR,6
fluctuations,higher,rates,X,NNS,JJR,NNS,X,6
receive,buying,following,friday,VB,NN,VBG,NP,1
declined,lack,fresh,positions,VBD,NN,JJ,NNS,1
continued,lively,foreign,investors,VBD,JJ,JJ,NNS,1
apparent,reprieve,rate,speculation,JJ,NN,NN,NN,6
paris,X,rate,concerns,NP,X,NN,NNS,6
higher,european,rates,near,JJR,JJ,NNS,JJ,6
company,certain,X,X,NN,JJ,X,X,5
payments,minority,X,jumped,NNS,NN,X,VBD,5
PERCENT,voting,united,X,NN,NN,NP,X,5
washington,X,building,capitol,NP,X,VBG,NP,1
care,public,served,XX,NN,JJ,VBN,XX,4
might,raise,rates,X,MD,VB,NNS,X,6
uXsX,inflationXadjusted,rates,high,NP,JJ,NNS,JJ,6
dollar,lowering,rates,clearly,NN,VBG,NNS,RB,6
raise,domestic,rates,uXsX,VB,JJ,NNS,NP,6
60,PERCENT,cit,group,AB,NN,NP,NP,5
beyond,snackXfood,X,X,IN,NN,X,X,5
XX,growing,among,precious,XX,VBG,IN,JJ,1
35,PERCENT,bought,publicly,AB,NN,VBD,RB,5
quadrum,X,financial,services,NP,X,JJ,NNS,5
swap,markets,rates,currencies,NN,NNS,NNS,NNS,6
foreign,buying,X,X,JJ,NN,X,X,1
seen,emerging,twoXyear,fourXyear,VBN,VBG,JJ,JJ,1
show,strong,twoXyear,notes,VB,JJ,JJ,NNS,1
saw,lot,lomas,paper,VBD,NN,NP,NN,1
bank,raise,rates,sometime,NN,VB,NNS,RB,6
companies,expressed,buying,unit,NNS,VBN,VBG,NN,1
oakes,said,insurers,showed,NP,VBD,NNS,VBN,1
actively,maintain,XX,160,RB,VBP,X,AB,5
beautiful,love,drX,kulani,JJ,NN,NP,NP,3
individual,abilities,X,aspiring,JJ,NNS,X,JJ,3
foreign,annual,rates,guide,JJ,JJ,NNS,NN,6
outlays,except,payments,X,NNS,IN,NNS,X,6
unable,meet,payments,X,JJ,VB,NNS,X,6
north,american,unilateralist,tendencies,JJ,JJ,JJ,NNS,4
manufacturing,marketing,X,X,NN,NN,X,X,5
fed,bring,rates,little,NP,VB,NNS,JJ,6
primarily,high,rates,reduced,RB,JJ,NNS,JJ,6
earning,healthy,rate,campeauXrelated,VBG,JJ,NN,JJ,6
rumors,possible,jaguar,X,NNS,JJ,NP,X,1
Xs,social,stop,shifting,VBZ,JJ,VB,VBG,4
5,PERCENT,rate,bonds,AB,NN,NN,NNS,6
Xs,best,X,X,POS,JJS,X,X,4
could,resume,payments,X,MD,VB,NNS,X,6
representation,local,congress,political,NN,JJ,NP,JJ,4
say,local,receive,hearing,VB,JJ,VBP,NN,4
longer,financial,agency,X,RB,JJ,NN,X,5
either,belowXmarket,rate,discount,CC,JJ,NN,NN,6
reduce,high,rates,pay,VB,JJ,NNS,VB,6
nonetheless,X,rates,remain,RB,X,NNS,VBP,6
years,without,X,X,NNS,IN,X,X,6
agreement,acquire,cooker,participate,NN,VB,NP,VB,5
fund,attracted,japanese,X,NP,VBN,NPS,X,1
also,sparked,big,board,RB,VBN,NP,NP,1
15,PERCENT,sybase,incX,AB,NN,NP,NP,5
acquired,minority,another,closely,VBD,NN,DT,RB,5
fired,X,payments,nXt,VBN,X,NNS,RB,6
quick,cut,rates,summer,JJ,VB,NNS,NN,6
bring,higher,rates,X,VB,JJR,NNS,X,6
shareholders,X,X,new,NNS,POS,X,JJ,4
principally,compounding,divestiture,nonXbanking,RB,NN,NN,JJ,6
small,increases,rates,X,JJ,NNS,NNS,X,6
videoXdistribution,film,netherlands,X,NN,NN,NP,X,5
accrued,unpaid,redemption,date,JJ,JJ,NN,NN,6
speculation,widespread,rates,drop,NN,JJ,NNS,VB,6
expect,lower,rates,fall,VBP,JJR,NNS,NN,6
high,uXsX,rates,keeping,JJ,NP,NNS,VBG,6
predicting,lower,rates,next,VBG,JJR,NNS,JJ,6
expect,lower,rates,low,VBP,JJR,NNS,RB,6
would,drive,rates,X,MD,VB,NNS,X,6
traders,fear,rates,nowhere,NNS,VBP,NNS,RB,6
contrarians,right,rates,soon,NNS,JJ,NNS,RB,6
Xre,appreciative,shown,X,VBP,JJ,VBN,X,1
shareholder,employee,X,X,NN,NN,X,X,4
failed,pay,due,septX,VBD,VB,JJ,NP,6
treated,pooling,X,combines,VBN,NN,X,VBZ,5
acquire,controlling,implement,reorganization,VB,JJ,VB,NN,5
exhibited,exceptional,helping,shareholders,VBD,JJ,VBG,NNS,1
inflation,lowered,rates,X,NN,VBD,NNS,X,6
inflation,lowered,rates,X,NN,VBD,NNS,X,6
reserve,cut,rates,reduce,NP,VB,NNS,VB,6
X,absence,rate,changes,X,NN,NN,NNS,6
XX,pursue,X,X,XX,VB,X,X,3
shares,beneficial,X,via,NNS,JJ,X,IN,5
limited,partnership,X,via,NP,NP,X,IN,5
PERCENT,voting,united,X,NN,JJ,NP,X,5
17X33,billion,last,month,AB,AB,JJ,NN,6
sold,half,mitsubishi,motors,VBD,NN,NP,NPS,5
legal,fees,judgment,X,JJ,NNS,NN,X,6
45,PERCENT,korea,industrial,AB,NN,NP,NP,5
buyer,equity,acquired,X,NN,NN,VBD,X,5
X,investor,summit,technology,X,NN,NP,NP,1
gm,raised,rates,cutXrate,NP,VBN,NNS,JJ,6
X,investor,mainly,targeted,X,NN,RB,VBN,1
directions,domestic,rates,X,NNS,JJ,NNS,X,6
XX,keeping,rates,high,XX,VBG,NNS,JJ,6
essential,national,concentrating,making,JJ,JJ,VBG,VBG,4
long,entrenched,XX,something,RB,VBN,X,NN,4
west,german,rates,X,JJ,JJ,NNS,X,6
forcing,market,rates,summer,VBG,NN,NNS,NN,6
west,german,rates,still,JJ,JJ,NNS,RB,6
west,purchased,uXkX,cable,NP,VBD,NP,NN,5
interpreted,lack,international,markets,VBN,NN,JJ,NNS,1
Xd,protect,X,X,MD,VB,X,X,4
payments,minority,rose,15,NNS,NN,VBD,AB,5
move,let,rates,fall,NN,VB,NNS,VB,6
steadily,pushed,rates,curb,RB,VBD,NNS,VB,6
payments,minority,nearly,tripled,NNS,NN,RB,VBD,5
X,look,rate,XX,X,NN,NN,XX,6
X,X,rates,fluctuate,X,X,NNS,VB,6
pay,principal,never,went,VB,NN,RB,VBD,6
director,concern,engineering,financial,NN,NN,NN,JJ,5
XX,would,done,X,X,MD,VBN,X,4
holding,company,coating,products,VBG,NN,NN,NNS,5
continued,generate,X,X,VBN,VB,X,X,1
said,retail,bonds,dried,VBD,JJ,NNS,VBN,1
determined,best,shareholders,employees,VBN,JJS,NNS,NNS,4
position,rising,rates,1987,NN,VBG,NNS,AB,6
signal,X,process,control,NP,X,NN,NN,5
multinational,giant,including,communications,JJ,NN,VBG,NNS,5
note,settlement,X,XX,VB,NN,X,XX,1
XX,supreme,XX,may,XX,NN,XX,MD,4
X,short,month,ended,X,JJ,NN,VBD,5
X,short,slipped,547X347X585,X,JJ,VBD,AB,5
X,short,reached,51X887X168,X,JJ,VBD,AB,5
X,short,number,shares,X,JJ,NN,NNS,5
increase,short,bullish,borrowed,NN,JJ,JJ,VBN,5
fluctuation,short,certain,stocks,NN,JJ,JJ,NNS,5
board,short,ratio,rose,NP,JJ,NN,VBD,5
total,short,position,X,JJ,JJ,NN,X,5
drop,short,volume,panhandle,NN,JJ,NN,NP,5
issues,short,position,least,NNS,JJ,NN,JJS,5
take,special,X,X,VB,JJ,X,X,1
payments,minority,rose,15,NNS,NN,VBD,AB,5
high,uXkX,rates,rising,JJ,NP,NNS,VBG,6
billion,earnings,X,taxes,AB,NNS,X,NNS,6
X,net,expenses,X,X,JJ,NNS,X,6
6X25,PERCENT,rate,X,AB,NN,NN,X,6
unemployment,outrank,rates,economic,NN,VBP,NNS,JJ,6
X,wide,nXt,reflected,POS,JJ,RB,VBN,3
X,minority,X,preferred,X,NN,X,VBN,5
Xs,longXterm,remain,independent,POS,JJ,VB,JJ,4
motor,Xs,jaguar,continued,NP,POS,NP,VBD,1
continued,stir,foreign,car,VBD,VB,JJ,NN,1
reserve,lower,rates,XX,NP,JJR,NNS,X,6
cut,boosting,rates,time,NN,VBG,NNS,NN,6
currencies,domestic,rates,remained,NNS,JJ,NNS,VBD,6
west,germany,rates,X,NP,NP,NNS,X,6
motor,announced,earlier,week,NP,VBD,RBR,NN,1
15,PERCENT,XX,valued,AB,NN,X,VBN,5
painewebber,Xs,business,hud,NP,POS,NN,NP,1
possible,conflict,X,painewebber,JJ,NN,X,NP,4
XX,conflict,arise,X,XX,NN,VB,X,4
mae,X,preserving,lowXincome,NP,X,VBG,JJ,4
federal,pay,money,borrowed,NP,VB,NN,VBN,6
leave,german,rates,unchanged,VB,JJ,NNS,JJ,6
raise,german,rates,gX7,VB,JJ,NNS,NP,6
cellular,telephone,bellsouth,move,JJ,NN,NP,NN,5
left,important,rates,unchanged,VBD,JJ,NNS,JJ,6
eventually,push,rates,higher,RB,VB,NNS,JJR,6
based,XX,indicated,XX,VBN,XX,VBN,XX,1
week,comes,credited,funds,NN,VBZ,VBN,NNS,6
XX,pursue,X,X,XX,VB,X,X,3
X,westinghouse,electrical,products,X,NP,JJ,NNS,5
Xs,best,aXm,Xs,VBZ,JJS,NP,POS,4
foreign,annual,rates,guide,JJ,JJ,NNS,NN,6
roberts,missed,payments,bonds,NP,VBN,NNS,NNS,6
fees,larger,rates,1,NNS,JJR,NNS,AB,6
wrongXway,bet,rates,X,JJ,NN,NNS,X,6
debt,cut,expense,X,NN,VB,NN,X,6
board,short,fell,1X3,NP,JJ,VBD,AB,5
X,hanson,chemicals,X,X,NP,NNS,X,5
32,PERCENT,X,X,AB,NN,X,X,5
wednesday,pursue,X,X,NP,VB,X,X,3
XX,common,common,ownership,XX,JJ,JJ,NN,4
us,money,rates,X,PP,NN,NNS,X,6
purchased,oneXthird,new,japan,VBN,JJ,NP,NP,5
X,also,restaurants,contractXfood,X,RB,NNS,NN,5
conglomerate,whose,steel,X,NN,WPX,NN,X,5
generate,wide,much,publicity,VB,JJ,JJ,NN,1
data,support,opportunity,X,NN,VB,NN,X,1
consumers,X,getting,old,NNS,POS,VBG,JJ,4
drugs,cheaply,seeing,new,NNS,RB,VBG,JJ,4
costs,X,rates,threaten,NNS,X,NNS,VBP,6
X,company,electronics,X,X,NN,NN,X,5
later,sold,olympia,X,RB,VBD,NP,CC,5
caused,divergent,rates,X,VBN,JJ,NNS,X,6
equality,X,rate,british,NN,X,NN,JJ,6
lower,nominal,rates,X,JJR,JJ,NNS,X,6
speculation,possible,jaguar,X,NN,JJ,NP,X,1
acquired,controlling,quantum,1986,VBD,VBG,NP,AB,5
american,home,prescription,overXtheXcounter,NP,NP,NN,JJ,5
appearance,conflict,favoritism,X,NN,NN,NN,X,4
news,general,home,X,NN,JJ,NN,X,2
inflation,sending,rates,soaring,NN,VBG,NNS,VBG,6
loans,lower,rates,X,NNS,JJR,NNS,X,6
acquisition,minority,store,X,NN,NN,NN,X,5
wanted,cap,deductions,lbo,VBD,VB,NNS,NP,6
high,lbo,costs,X,JJ,NP,NNS,X,6
principal,plus,X,X,NN,CC,X,X,6
sale,equity,result,XX,NP,NN,VB,XX,5
germany,boost,rates,today,NP,VB,NNS,NN,6
threats,justify,rate,increase,NNS,VBP,NN,NN,6
instead,peculiar,X,X,RB,JJ,X,X,4
loans,pay,rates,much,NNS,VBP,NNS,JJ,6
Xs,earnings,taxes,X,POS,NNS,NNS,X,6
difficulty,making,payments,unless,NN,VBG,NNS,IN,6
Xs,earnings,taxes,X,POS,NNS,NNS,X,6
X,X,rates,often,X,X,NNS,RB,6
agreed,sell,paramount,communications,VBD,VB,NP,NPS,5
considering,selling,continental,airlines,VBG,VBG,NP,NPS,5
airlines,expressed,buying,share,NPS,VBD,VBG,NN,1
americans,american,scare,uXsX,NPS,JJ,VB,NP,5
protect,uXsX,countries,bolivia,VB,NP,NNS,NP,5
rake,enormous,payments,X,VB,JJ,NNS,X,6
changes,plus,payments,X,NNS,CC,NNS,X,6
plus,accrued,X,would,CC,VBN,X,MD,6
currencies,domestic,rates,discouraged,NNS,JJ,NNS,VBD,6
discouraged,buying,X,traders,VBD,NN,X,NNS,1
expectations,higher,rates,X,NNS,JJR,NNS,X,6
also,attracted,speculation,mergers,RB,VBN,NN,NNS,1
active,institutional,X,X,JJ,JJ,X,X,1
maker,Xs,uXkX,concern,NN,POS,NP,NN,1
concerns,possibility,rate,increase,NNS,NN,NN,NN,6
council,raise,rates,X,NN,VB,NNS,X,6
massive,japanese,X,140,JJ,JJ,X,AB,1
X,major,coming,individual,X,JJ,VBG,JJ,1
said,X,spain,fund,VBD,X,NP,NP,1
recent,dips,rates,X,JJ,NNS,NNS,X,6
pulled,shortXterm,rates,bit,VBD,JJ,NNS,NN,6
lower,uXsX,rates,would,JJR,NP,NNS,MD,6
society,sole,promotion,travel,NN,JJ,NN,NN,3
europe,expressed,plan,X,NP,VBN,NN,X,1
economically,meet,payments,debt,RB,VB,NNS,NN,6
6X25,PERCENT,rate,X,AB,NN,NN,X,6
million,plus,dividends,X,AB,CC,NNS,X,6
mining,industrial,uXkX,X,NN,JJ,NP,X,5
another,easing,rates,fed,DT,NN,NNS,NP,6
X,shortXterm,rates,also,X,JJ,NNS,RB,6
refused,discuss,rates,regularly,VBD,VB,NNS,RB,6
plus,accrued,octX,25,CC,VBN,NP,AB,6
X,rockwell,aerospace,X,X,NP,NN,X,5
X,protect,plaza,commerce,X,VB,NP,NP,5
foreign,annual,rates,guide,JJ,JJ,NNS,NN,6
three,special,magazines,X,AB,JJ,NNS,X,3
related,special,magazines,form,VBN,JJ,NNS,VBP,3
pursue,business,X,X,VB,NN,X,X,3
economy,meet,payments,X,NN,VB,NNS,X,6
Xs,X,fast,food,POS,X,JJ,NN,5
X,current,bonds,due,X,JJ,NNS,JJ,6
X,X,bonds,treated,X,X,NNS,VBN,6
X,current,serial,bonds,X,JJ,JJ,NNS,6
PERCENT,current,term,bonds,NN,JJ,NN,NNS,6
stopped,paying,X,person,VBN,VBG,X,NN,6
taxes,minority,advanced,22,NNS,NN,VBD,AB,5
sharply,higher,rates,flagging,RB,JJR,NNS,JJ,6
inflation,raising,rates,X,NN,VBG,NNS,X,6
began,nudging,rates,X,VBD,VBG,NNS,X,6
taxes,minority,X,profit,NNS,NN,X,NN,5
pay,low,rates,X,VB,JJ,NNS,X,6
Xs,dearth,helping,hanwa,VBZ,NN,VBG,NP,1
calmat,Xs,include,concrete,NP,POS,VBP,NN,5
67X7,PERCENT,harriet,oil,AB,NN,NP,NN,5
corpX,brewing,X,X,NP,NN,X,X,5
X,best,XX,making,POS,JJS,XX,VBG,4
foreign,annual,rates,guide,JJ,JJ,NNS,NN,6
narrowly,focused,find,advantage,RB,VBN,VBP,NN,3
programs,serve,X,X,NNS,VBP,X,X,3
1X6,billion,payment,due,AB,AB,NN,JJ,6
ability,make,payments,X,NN,VB,NNS,X,6
choose,make,payment,overdue,VB,VB,NN,JJ,6
XX,make,payments,banks,XX,VB,NNS,NNS,6
cuts,debt,payments,present,NNS,NN,NNS,JJ,6
diluted,equity,mrX,campeau,VBN,NN,NP,NP,5
loan,make,payment,due,NN,VB,NN,JJ,6
thinking,higher,rates,banks,VBG,JJR,NNS,NNS,6
without,best,heart,always,IN,JJS,NN,RB,4
dividends,X,new,savings,NNS,X,JJ,NNS,6
recession,drives,rates,X,NN,VBZ,NNS,X,6
Xs,freeing,rates,1979,POS,NN,NNS,AB,6
4X6,million,principal,payment,AB,AB,JJ,NN,6
failed,pay,due,septX,VBN,VB,JJ,NP,6
30,days,payment,missed,AB,NNS,NN,VBN,6
7,million,income,proceeds,AB,AB,NN,NNS,6
mclennan,expressed,cleveland,consulting,NP,VBN,NP,NP,1
attracting,less,smaller,companies,VBG,JJR,JJR,NNS,1
fair,amount,X,X,JJ,NN,X,X,1
X,current,serial,bonds,X,JJ,NN,NNS,6
X,current,bonds,due,X,JJ,NNS,JJ,6
X,current,bonds,priced,X,JJ,NNS,VBN,6
X,current,bonds,due,X,JJ,NNS,JJ,6
acquire,businesses,oil,gas,VB,NNS,NN,NN,5
agreed,buy,effective,septX,VBD,VB,JJ,NP,5
concern,uXsX,X,turned,NN,NP,X,VBD,5
lieu,cash,payments,first,NN,NN,NNS,JJ,6
debt,outstanding,rates,ranging,NN,JJ,NNS,VBG,6
market,domestic,rates,remained,NN,JJ,NNS,VBD,6
attracted,investor,strong,earnings,VBD,NN,JJ,NNS,1
received,buying,earnings,prospects,VBD,NN,NNS,NNS,1
increase,german,rates,nXt,NN,JJ,NNS,RB,6
chances,renewed,rate,reductions,NNS,VBN,NN,NNS,6
X,lower,rates,generally,X,JJR,NNS,RB,6
X,uXsX,rates,decline,X,NP,NNS,NN,6
likely,raise,rates,near,JJ,VB,NNS,JJ,6
X,serve,X,X,X,VBP,X,X,4
deal,keen,aviation,community,NN,JJ,NN,NN,2
jeopardize,public,X,especially,VB,JJ,X,RB,4
combined,voting,20,PERCENT,VBN,NN,AB,NN,5
X,average,rate,fell,X,JJ,NN,VBD,6
studies,great,admiration,X,NNS,JJ,NN,X,1
resources,property,X,tatters,NNS,NN,X,NNS,5
committed,keeping,rates,high,VBD,VBG,NNS,JJ,6
raised,domestic,rates,slow,VBD,JJ,NNS,JJ,6
X,domestic,rates,likely,X,JJ,NNS,JJ,6
used,reduce,bill,X,VBN,VB,NN,X,6
XX,high,rates,changed,XX,JJ,NNS,VBD,6
continued,success,broadening,distribution,JJ,NN,VBG,NN,1
XX,pursue,X,X,XX,VB,X,X,3
bentsen,Xs,encouraging,longXrange,NP,POS,VBG,JJ,1
X,shortXterm,rates,rose,X,JJ,NNS,VBD,6
japan,boost,rates,defend,NP,VB,NNS,VB,6
observed,open,X,number,VBD,JJ,X,NN,5
nXt,lower,rates,anytime,RB,VB,NNS,RB,6
admirers,deflects,major,institutional,NNS,VBZ,JJ,JJ,1
retail,property,uXs,X,NN,NN,NP,X,5
51X7,PERCENT,century,city,AB,NN,NP,NP,5
X,effective,richfield,X,X,JJ,NP,X,5
sold,bookXpublishing,X,including,VBD,NN,X,VBG,5
X,annualized,rates,certain,X,JJ,NNS,JJ,6
company,pursue,X,X,NN,VB,X,X,3
X,principal,obligations,falling,X,NN,NNS,VBG,6
outstanding,minority,two,principal,JJ,NN,AB,JJ,5
Xs,longXrange,X,X,POS,JJ,X,X,4
ownership,less,liquidity,X,NN,JJR,NN,X,1
XX,reduce,charges,business,XX,VB,NNS,NN,6
bad,western,X,XX,JJ,JJ,X,XX,4
X,X,pars,nXt,X,X,NP,RB,5
public,newXfound,capital,gains,JJ,JJ,NN,NNS,1
article,great,X,X,NN,JJ,X,X,1
X,X,rate,margins,X,X,NN,NNS,6
reasonable,amount,X,X,JJ,NN,X,X,6
years,XXX,X,XX,NNS,NN,X,X,6
foreign,annual,rates,guide,JJ,JJ,NNS,NN,6
insurance,executive,X,X,NN,NN,X,X,5
fixed,floating,rates,original,JJ,JJ,NNS,JJ,6
60,PERCENT,cit,group,AB,NN,NP,NP,5
received,indications,third,parties,VBN,NNS,JJ,NNS,1
beginning,buying,better,quality,VBG,NN,JJR,NN,1
apple,pursue,X,X,NP,VB,X,X,3
year,Xs,bill,X,NN,POS,NN,X,6
paying,high,X,X,VBG,JJ,X,X,6
company,Xs,charges,X,NN,POS,NNS,X,6
Xs,equity,purchase,reduced,POS,NN,NN,VBN,5
pretax,earnings,depreciation,X,JJ,NNS,NN,X,6
increased,buying,sugar,world,VBN,JJ,NN,NN,1
noted,chance,rate,increases,VBD,NN,NN,NNS,6
likely,raise,rates,following,JJ,VB,NNS,VBG,6
cumulative,bear,one,percentage,JJ,VBP,AB,NN,6
units,make,payment,last,NNS,VB,NN,JJ,6
5,PERCENT,later,X,AB,NN,RB,X,5
2,million,costs,next,AB,AB,NNS,JJ,6
accrued,unpaid,octX,15,VBN,JJ,NP,AB,6
accrued,semiannual,due,octX,VBN,JJ,JJ,NP,6
25X1,PERCENT,matuschka,Xs,AB,NN,NP,POS,5
physicians,X,X,X,NNS,POS,X,X,3
year,generate,anticipated,X,NN,VB,VBN,X,1
X,keen,environmental,issues,X,JJ,JJ,NNS,1
iowa,thrift,real,estate,NP,NN,JJ,NN,1
failed,make,payments,june,VBD,VB,NNS,NP,6
assets,lost,X,X,NNS,VBD,X,X,1
began,nudging,rates,higher,VBD,VBG,NNS,RBR,6
allowing,shortXterm,rates,climb,VBG,JJ,NNS,VB,6
limited,partnership,X,via,NP,NP,X,IN,5
sold,equity,project,american,VBD,NN,NN,NP,5
lack,investor,X,X,NN,NN,X,X,1
extensive,business,china,X,JJ,NN,NP,X,5
government,expressed,keeping,company,NN,VBN,VBG,NN,1
ge,also,broadcasting,X,NP,RB,NN,X,5
unit,missed,payment,due,NN,VBD,NN,JJ,6
said,paid,10,14,VBD,VBD,AB,AB,6
said,aggregate,due,friday,VBD,JJ,JJ,NP,6
likely,alter,rates,ecuXdenominated,JJ,VB,NNS,JJ,6
logical,ecu,rates,higher,JJ,NP,NNS,JJR,6
X,longXterm,rates,since,X,JJ,NNS,IN,6
ecu,market,rate,incorporation,NP,NN,NN,NN,6
X,fluctuations,rates,ecuXdenominated,X,NNS,NNS,JJ,6
XX,human,XX,stories,XX,JJ,XX,NNS,3
X,amount,saved,buyXback,X,NN,VBN,NN,6
foreign,annual,rates,guide,JJ,JJ,NNS,NN,6
18X5,PERCENT,fii,fyffes,AB,NN,NP,NP,5
companies,expressed,X,including,NNS,VBD,X,VBG,1
enough,satisfy,investors,troubled,RB,VB,NNS,VBN,4
increases,held,utility,Xs,NNS,VBN,NN,POS,4
able,make,payments,huge,JJ,VB,NNS,JJ,6
flow,divided,payments,XX,NN,VBN,NNS,X,6
environmental,groups,obtaining,winning,JJ,NNS,VBG,VBG,1
carrying,lower,burden,X,VBG,JJR,NN,X,6
defaulting,heavy,payments,X,VBG,JJ,NNS,X,6
held,burdensome,payments,called,VBN,JJ,NNS,VBN,6
failed,meet,payments,X,VBD,VB,NNS,X,6
big,drop,rates,signs,JJ,NN,NNS,NNS,6
700,million,payments,year,AB,AB,NNS,NN,6
annually,pay,bill,X,RB,VB,NN,X,6
50,PERCENT,earn,ual,AB,NN,VBP,NP,6
customers,X,X,XX,NNS,POS,X,XX,4
plans,boost,newsprint,production,NNS,VB,NN,NN,5
questions,seriousness,making,acquisitions,NNS,NN,VBG,NNS,1
inflation,lower,rates,X,NN,JJR,NNS,X,6
relatively,high,rates,slowing,RB,JJ,NNS,VBG,6
inflation,X,rates,economy,NN,X,NNS,NN,6
X,expressed,buying,part,X,VBN,VBG,NN,1
market,reducing,many,takeover,NN,VBG,JJ,NN,1
medicine,spurred,stock,X,NP,VBN,NN,X,1
india,variable,rate,X,NP,JJ,NN,X,6
70,PERCENT,milford,refinery,AB,NN,NP,NN,5
service,stations,oil,pipeline,NN,NNS,NN,NN,5
time,increased,family,business,NN,VBN,NN,NN,1
made,annual,payment,due,VBD,JJ,NN,JJ,6
particular,reason,paid,last,JJ,NN,VBN,JJ,6
marks,XX,rate,differentials,NNS,XX,NN,NNS,6
X,X,rates,aside,X,X,NNS,RB,6
XX,expressed,acquiring,part,XX,VBN,VBG,NN,1
recent,expressions,preliminary,X,JJ,NNS,JJ,X,1
possible,takeover,company,X,JJ,NN,NN,X,1
sell,healthXcare,part,reorganization,VB,JJ,NN,NN,5
75,PERCENT,fine,homes,AB,NN,NP,NP,5
overdue,principal,payments,almost,JJ,NN,NNS,RB,6
stir,unwanted,crucifix,X,VB,JJ,NN,X,1
television,Xs,alien,landing,NN,POS,JJ,NN,1
able,meet,payments,X,JJ,VB,NNS,X,6
25,PERCENT,rates,bank,AB,NN,NNS,NN,6
narrowing,surplus,X,profits,NN,NN,X,NNS,6
aiming,cut,costs,X,VBG,VB,NNS,X,6
million,year,costs,80,AB,NN,NNS,AB,6
plus,certain,ecuador,X,CC,JJ,NP,X,5
Xs,lack,X,X,POS,NN,X,X,1
XX,lower,rates,discount,XX,JJR,NNS,NN,6
advantage,lower,rates,X,NN,JJR,NNS,X,6
kissinger,Xs,include,limited,NP,POS,VBP,JJ,5
Xs,business,begin,X,POS,NN,VBP,X,3
uXsX,national,X,X,NP,JJ,X,X,4
longXterm,geopolitical,may,risk,JJ,JJ,MD,NN,4
cent,commercial,china,X,NN,JJ,NP,X,5
